,SVM,DecTree,Percep,SGD,RandF,LogR,KNN,GauNB
0,0,0,1,0,0,0,0,0
1,0,0,1,1,0,0,0,0
2,0,0,1,0,0,0,0,0
3,0,1,1,1,0,0,0,0
4,0,0,1,0,0,0,0,0
5,0,0,1,0,0,0,0,0
6,1,0,1,1,0,0,0,0
7,0,0,1,1,0,0,0,0
8,1,0,1,0,0,1,1,1
9,0,0,1,1,0,0,0,0
10,1,0,1,0,0,0,0,0
11,1,0,1,0,0,1,0,0
12,1,1,1,0,0,1,1,1
13,1,1,1,1,0,0,1,0
14,0,1,1,1,0,0,1,1
15,1,0,1,1,0,0,0,0
16,1,1,1,1,0,0,1,0
17,1,0,1,0,0,1,0,1
18,0,0,1,0,1,1,0,0
19,0,0,1,1,0,1,0,1
20,0,0,1,1,0,1,0,1
21,0,0,1,1,0,0,0,0
22,0,0,1,0,0,0,0,1
23,0,0,1,0,0,0,0,0
24,0,0,1,1,0,0,0,0
25,0,0,1,0,0,0,1,0
26,0,1,1,1,0,0,0,0
27,0,1,1,0,0,0,1,0
28,0,0,1,1,0,0,1,0
29,0,0,1,0,0,0,0,0
30,0,0,0,0,0,0,0,0
31,0,1,1,1,1,1,1,0
32,0,0,1,0,0,0,0,0
33,0,1,1,1,0,0,1,0
34,0,0,1,0,0,0,0,0
35,0,0,1,1,0,0,0,1
36,0,0,1,1,0,0,0,0
37,0,1,1,1,1,1,0,0
38,0,0,1,1,0,0,0,0
39,1,0,1,1,1,1,1,0
40,1,1,1,1,1,1,1,1
41,1,0,1,0,0,0,1,0
42,1,0,1,0,1,0,0,0
43,0,0,1,0,0,0,0,0
44,0,0,1,0,0,0,0,0
45,0,0,1,1,0,1,0,1
46,0,0,1,0,0,0,0,0
47,0,0,1,0,0,0,0,0
48,0,0,1,1,0,0,0,0
49,0,0,1,1,1,1,0,0
50,0,0,1,1,0,0,0,0
51,0,0,1,1,0,0,0,0
52,0,0,1,1,0,0,0,0
53,0,0,1,1,0,0,0,0
54,0,1,1,0,1,1,0,1
55,0,0,1,1,0,0,0,0
56,0,0,1,0,0,0,1,0
57,1,0,1,0,0,0,0,1
58,0,0,1,1,0,0,1,0
59,1,1,1,1,0,0,0,0
60,0,0,1,1,0,0,0,0
61,0,0,1,1,0,0,0,0
62,0,0,1,1,0,0,0,0
63,0,0,1,1,0,0,0,0
64,1,0,1,0,0,0,0,0
65,1,0,1,1,0,0,0,0
66,0,0,1,0,0,0,0,0
67,1,1,1,0,1,1,1,1
68,0,0,1,0,0,0,0,0
69,0,1,1,1,0,1,1,0
70,1,0,1,0,0,0,0,0
71,1,1,1,1,0,1,1,1
72,1,0,1,1,0,0,0,0
73,0,0,1,1,0,0,0,0
74,1,1,1,1,0,1,1,0
75,0,1,1,1,1,1,1,1
76,0,0,1,1,0,0,0,0
77,0,1,1,0,1,1,0,1
78,1,1,1,1,1,1,1,1
79,0,0,1,1,0,0,0,0
80,0,1,1,1,1,1,1,0
81,0,1,1,1,0,0,0,0
82,0,0,1,1,0,0,0,0
83,0,1,1,1,1,1,1,1
84,0,1,1,1,1,1,1,1
85,0,0,1,1,0,0,0,0
86,1,1,1,1,1,1,1,0
87,0,1,1,0,1,1,1,0
88,1,1,1,0,1,1,1,1
89,1,0,1,0,0,0,0,0
90,1,1,1,1,1,1,0,1
91,0,0,0,1,0,0,0,0
92,0,0,1,1,0,0,0,0
93,0,1,1,0,1,1,1,1
94,0,1,1,1,1,1,1,1
95,0,0,0,0,0,0,0,0
96,1,0,1,1,0,1,0,1
97,0,0,1,0,0,0,0,0
98,1,0,1,1,0,0,0,1
99,0,0,1,1,0,0,0,0
100,1,1,1,1,0,1,1,1
101,0,1,1,0,1,1,1,0
102,0,1,1,1,1,1,1,1
103,0,1,0,1,1,1,1,1
104,1,1,1,0,1,1,1,1
105,0,1,1,0,0,0,1,0
106,0,0,1,1,0,0,0,0
107,0,0,0,0,0,0,0,0
108,0,1,1,0,1,1,1,1
109,1,1,1,1,1,1,1,1
110,0,1,1,0,1,1,0,1
111,0,0,1,1,0,0,0,0
112,0,1,1,1,1,1,0,0
113,0,1,1,1,1,1,1,0
114,0,0,1,1,0,1,0,0
115,0,1,1,1,1,1,1,0
116,0,1,1,1,1,1,1,0
117,0,1,1,0,1,1,1,0
118,1,1,1,1,1,1,1,1
119,0,1,1,0,0,0,1,0
120,0,1,1,1,1,1,0,1
121,0,1,1,0,1,1,1,0
122,1,1,1,1,1,1,1,1
123,0,1,1,0,1,1,0,1
124,0,1,1,1,1,1,1,0
125,0,1,0,0,1,1,1,0
126,0,1,1,1,1,1,0,0
127,0,0,0,1,0,1,0,0
128,0,0,1,1,0,1,0,0
129,1,1,1,1,1,1,1,1
130,1,0,1,1,1,1,0,0
131,1,0,1,1,1,1,1,1
132,0,1,1,1,1,1,0,0
133,0,1,1,1,1,1,1,1
134,0,1,1,1,1,1,1,1
135,1,0,1,1,0,1,0,0
136,1,1,1,1,1,1,1,1
137,0,1,1,1,1,1,1,0
138,1,1,1,0,1,1,1,1
139,0,1,1,1,1,1,0,1
140,0,1,1,1,1,1,1,1
141,0,1,1,1,1,1,1,0
142,1,1,1,0,1,1,1,1
143,0,1,1,1,1,1,1,1
144,0,0,1,1,1,0,1,0
145,0,1,1,1,1,1,1,1
146,0,0,1,0,0,1,1,0
147,1,1,1,1,1,1,1,1
148,0,0,1,0,0,1,1,0
149,0,1,1,0,1,1,1,1
150,1,1,1,1,1,1,1,0
151,0,0,1,1,0,0,0,0
152,1,1,1,1,1,1,1,1
153,0,1,1,0,1,1,0,0
154,0,1,1,1,1,1,0,0
155,1,1,1,0,1,1,1,1
156,0,1,1,1,1,1,0,1
157,0,1,1,0,1,1,1,1
158,0,1,1,1,1,1,1,1
159,0,1,1,0,1,1,1,0
160,1,1,1,0,1,1,1,1
161,0,1,1,1,1,1,1,1
162,0,1,1,1,1,1,1,1
163,1,1,1,1,1,1,1,1
164,0,0,1,0,0,0,0,0
165,0,1,1,0,1,1,1,1
166,0,1,1,1,1,1,0,0
167,0,1,1,0,1,1,1,1
168,1,1,1,0,1,0,0,0
169,0,1,1,0,1,1,1,1
170,0,1,1,0,1,1,1,0
171,0,0,1,1,0,1,0,0
172,1,1,1,1,1,1,1,1
173,1,1,1,1,1,1,0,1
174,1,1,1,0,1,1,1,0
175,1,1,1,0,1,1,1,1
176,0,0,1,0,1,1,1,0
177,0,1,1,0,1,1,0,1
178,1,1,1,1,1,1,1,1
179,0,1,1,1,1,1,1,0
180,0,0,1,1,1,1,1,0
181,1,1,1,1,1,1,1,1
182,1,1,1,1,1,1,0,0
183,0,1,1,0,1,1,1,0
184,0,0,1,1,0,1,0,0
185,0,1,1,0,1,1,1,0
186,0,1,1,1,1,1,1,0
187,1,1,1,0,1,1,1,0
188,1,1,1,0,1,1,1,1
189,0,1,1,1,0,0,1,0
190,1,1,1,0,1,1,0,1
191,0,1,1,1,1,1,1,0
192,1,1,1,0,1,1,1,1
193,1,1,1,0,1,1,0,1
194,0,1,1,0,1,1,1,0
195,0,1,1,0,1,1,1,0
196,0,1,1,1,1,1,0,0
197,0,0,1,1,0,1,0,0
198,0,0,1,1,0,1,0,0
199,1,1,1,1,1,1,1,1
200,1,0,1,1,1,1,0,0
201,1,0,1,0,1,1,1,1
202,1,1,1,1,1,1,0,0
203,1,1,1,1,1,1,1,1
204,0,1,1,0,1,1,1,1
205,0,0,1,1,0,1,0,0
206,1,1,1,0,1,1,1,1
207,0,1,1,1,1,1,1,0
208,0,1,1,0,1,1,1,1
209,1,1,1,0,1,1,0,1
210,1,1,1,1,1,1,1,1
211,0,1,1,1,1,1,1,0
212,1,1,1,1,1,1,1,1
213,1,1,1,1,1,1,1,1
214,1,0,1,0,1,0,1,0
215,0,1,1,0,1,1,1,1
216,1,0,1,1,0,1,1,0
217,1,1,1,1,1,1,1,1
218,1,0,1,0,0,1,1,0
219,0,1,1,1,1,1,1,1
220,0,1,1,0,1,1,1,0
221,0,0,1,1,0,0,0,0
222,0,1,1,0,1,1,1,1
223,0,1,1,1,1,1,0,0
224,1,1,1,1,1,1,0,0
225,0,1,1,1,1,1,1,1
226,0,1,1,1,1,1,0,1
227,0,1,1,0,1,1,1,1
228,0,1,1,1,1,1,1,1
229,0,1,0,0,1,1,1,0
230,1,1,1,1,1,1,1,1
231,0,1,1,1,1,1,1,1
232,1,1,1,1,1,1,1,1
233,1,1,1,0,1,1,1,1
234,0,0,1,1,0,0,0,0
235,1,1,1,0,1,1,1,1
236,0,1,0,1,1,1,0,0
237,0,1,1,1,1,1,1,1
238,1,1,1,1,1,0,0,0
239,1,1,1,1,1,1,1,1
240,0,1,1,1,1,1,1,0
241,0,0,1,1,0,1,0,0
242,1,1,1,1,1,1,1,1
243,1,1,1,0,1,1,0,1
244,0,1,1,1,1,1,1,0
245,0,1,1,1,1,1,1,1
246,0,0,1,0,1,1,1,0
247,0,1,1,1,1,1,0,1
248,1,1,1,1,1,1,1,1
249,0,1,1,0,1,1,1,0
250,0,0,0,1,1,0,1,0
251,1,1,1,1,1,1,1,1
252,0,1,1,1,1,1,0,0
253,0,1,1,0,1,0,1,1
254,1,1,1,1,1,0,1,1
255,1,0,1,1,1,0,1,1
256,1,1,1,0,1,1,1,1
257,0,1,1,1,1,1,0,1
258,0,1,1,1,1,1,0,1
259,0,1,1,0,1,1,1,1
260,0,1,1,0,1,1,1,0
261,0,1,1,1,1,1,1,1
262,0,0,1,1,0,0,0,0
263,1,1,1,1,1,1,1,1
264,0,1,1,0,1,0,0,1
265,0,0,1,1,0,0,0,0
266,1,1,1,0,1,1,1,1
267,1,1,1,1,1,1,1,1
268,1,1,1,0,1,1,0,1
269,0,1,1,0,1,1,1,1
270,0,1,1,1,1,1,1,1
271,1,1,1,1,1,1,1,1
272,0,1,1,1,0,0,1,0
273,0,1,1,0,1,1,1,1
274,0,1,1,1,0,0,1,0
275,1,0,1,0,0,0,0,0
276,1,1,1,0,1,1,1,1
277,1,1,1,0,0,0,1,0
278,1,1,1,1,1,0,1,1
279,0,1,1,1,1,1,0,0
280,0,1,1,1,1,1,1,1
281,0,1,0,1,0,0,1,0
282,0,1,1,0,1,1,1,0
283,0,1,1,1,1,1,0,1
284,1,1,1,0,1,1,1,1
285,1,1,1,1,0,0,1,0
286,1,1,1,0,0,0,1,0
287,0,0,1,0,0,0,0,0
288,0,0,1,1,0,0,0,0
289,0,0,1,1,0,0,0,0
290,0,0,1,1,0,0,0,0
291,1,0,1,1,0,1,0,1
292,0,0,1,0,1,1,0,0
293,0,0,1,1,0,0,0,0
294,0,0,1,0,0,0,0,0
295,0,0,1,0,0,0,0,0
296,1,0,1,1,0,1,0,1
297,1,1,1,1,1,1,1,1
298,0,0,1,1,0,0,0,0
299,1,0,1,1,0,1,0,0
300,0,0,1,1,0,0,0,0
301,0,0,1,0,1,0,0,0
302,0,0,1,1,0,0,0,0
303,1,0,1,1,0,1,1,1
304,1,1,1,1,1,1,1,0
305,0,0,1,1,0,0,0,0
306,0,1,1,0,1,1,1,1
307,0,0,1,1,1,1,1,1
308,0,0,1,0,1,1,1,1
309,0,0,1,0,0,0,0,0
310,0,0,1,0,0,0,0,0
311,0,0,1,1,1,1,0,0
312,0,0,1,1,1,1,0,1
313,0,0,1,0,0,0,1,0
314,0,0,1,0,0,0,0,0
315,0,0,1,1,0,0,0,0
316,1,0,1,0,1,1,1,1
317,0,0,1,1,1,1,0,1
318,0,0,1,1,0,1,0,0
319,0,0,1,0,0,0,0,0
320,0,0,1,1,0,0,0,0
321,0,0,1,1,0,0,0,1
322,0,1,1,1,0,0,1,0
323,0,0,1,1,0,0,0,0
324,0,0,1,0,0,0,1,0
325,0,0,1,0,0,0,0,0
326,0,0,0,1,0,0,0,0
327,0,0,0,1,0,0,0,0
328,0,0,1,0,0,0,0,0
329,0,0,0,1,0,0,0,0
330,0,0,0,0,0,0,0,0
331,0,1,1,1,1,0,1,0
332,1,0,1,1,0,0,0,0
333,0,0,1,0,0,0,0,0
334,0,0,1,1,0,0,0,0
335,0,0,1,1,0,0,0,0
336,0,0,0,1,0,0,0,0
337,0,1,1,1,0,1,1,1
338,0,1,1,0,0,0,1,1
339,1,1,1,1,1,1,1,1
340,0,1,1,1,1,1,1,0
341,0,1,1,1,0,0,0,0
342,1,1,1,0,1,1,0,0
343,1,0,1,0,0,1,0,0
344,1,1,1,1,1,1,1,0
345,1,1,1,1,1,0,1,0
346,0,1,1,0,1,1,1,0
347,1,1,1,1,1,1,1,1
348,1,1,1,1,1,1,1,1
349,1,1,1,1,1,0,1,1
350,0,0,1,0,1,0,0,1
351,0,0,1,0,0,0,0,0
352,0,0,1,0,0,0,1,0
353,0,1,1,1,1,1,1,1
354,1,1,1,1,1,1,1,1
355,0,1,1,0,1,1,1,1
356,0,1,1,0,1,1,1,1
357,0,1,1,1,1,1,1,1
358,0,1,1,1,1,1,1,1
359,1,1,1,1,1,1,0,0
360,0,1,1,1,1,0,1,0
361,0,1,1,0,1,1,1,1
362,0,1,1,0,1,0,1,1
363,1,1,1,1,1,1,1,0
364,0,1,1,0,1,1,0,1
365,0,1,1,1,1,1,1,1
366,1,1,1,0,1,1,0,0
367,1,1,1,1,1,0,1,0
368,0,1,1,0,1,1,1,0
369,1,1,1,1,1,1,1,1
370,0,1,1,1,1,1,0,1
371,0,1,1,1,1,1,1,1
372,1,1,1,1,1,1,1,1
373,1,0,1,0,1,0,0,0
374,1,1,1,1,1,1,1,0
375,1,1,1,0,1,0,0,0
376,1,1,1,1,1,1,0,0
377,0,1,1,0,1,1,1,0
378,1,1,1,1,1,1,1,1
379,1,1,1,1,1,1,1,1
380,0,1,1,1,0,0,1,0
381,0,1,1,0,1,1,1,1
382,0,1,0,1,1,1,0,1
383,0,1,1,0,0,0,1,0
384,0,1,1,0,0,0,1,0
385,0,1,1,1,1,1,1,1
386,1,1,1,1,1,1,1,1
387,1,1,1,1,1,1,1,1
388,1,1,1,0,1,1,1,0
389,1,1,1,1,1,1,1,1
390,0,1,1,1,1,1,1,1
391,0,1,1,1,1,1,0,0
392,1,1,1,0,1,1,1,1
393,1,0,1,1,0,0,0,0
394,0,1,0,1,1,1,1,0
395,1,1,1,1,1,1,1,1
396,0,0,1,1,0,0,0,0
397,1,0,1,1,0,0,0,0
398,1,1,1,0,1,0,1,1
399,0,1,1,1,1,1,1,1
400,0,0,1,1,0,0,0,0
401,0,0,1,1,0,0,0,0
402,0,0,0,1,0,0,0,0
403,0,0,1,1,0,0,0,0
404,0,1,1,1,1,1,1,1
405,1,1,1,1,1,1,0,1
406,0,0,1,0,0,0,0,0
407,0,0,0,1,0,0,0,0
408,0,1,1,0,1,1,1,0
409,0,1,0,1,0,0,1,0
410,1,1,1,1,1,1,0,1
411,1,0,1,0,0,0,1,0
412,0,0,0,1,0,0,0,0
413,0,0,1,0,0,0,0,1
414,0,1,1,0,1,1,1,0
415,0,0,0,0,0,0,0,0
416,0,0,1,1,1,0,1,0
417,0,0,1,1,0,0,1,1
418,1,1,0,1,1,1,1,1
419,1,0,1,1,0,1,0,0
420,0,1,0,1,0,1,1,0
421,0,1,1,1,1,1,1,1
422,1,1,1,0,1,1,1,0
423,0,0,1,0,0,1,0,0
424,0,0,1,0,1,1,0,1
425,1,1,1,1,1,1,1,1
426,0,1,1,0,1,1,1,0
427,0,1,1,1,1,1,1,0
428,0,0,1,0,1,0,0,1
429,1,1,1,1,1,1,1,1
430,0,1,1,1,1,1,1,1
431,0,1,1,1,1,1,1,0
432,0,1,1,1,1,1,1,1
433,0,1,0,1,0,1,1,0
434,1,1,1,0,1,1,1,1
435,1,1,1,0,1,1,1,1
436,0,1,1,1,1,1,1,1
437,0,1,1,1,1,1,1,0
438,0,1,1,1,1,1,1,1
439,1,0,1,1,0,0,0,0
440,1,1,1,1,1,1,1,1
441,0,1,1,1,1,1,1,1
442,1,0,1,1,0,1,1,0
443,1,1,1,0,1,1,1,1
444,1,1,1,0,1,1,1,1
445,1,1,1,0,1,1,1,1
446,1,1,1,1,1,1,1,1
447,0,1,1,1,1,0,1,0
448,1,1,1,0,1,1,1,1
449,0,1,1,1,1,1,1,1
450,0,0,1,0,0,0,0,0
451,1,1,1,1,1,1,0,1
452,1,0,0,1,1,1,0,1
453,0,1,1,1,1,1,1,1
454,0,0,0,0,0,0,0,0
455,1,1,1,0,1,1,1,0
456,0,1,1,1,1,1,1,1
457,0,1,1,1,1,1,1,1
458,0,1,1,1,1,1,1,1
459,0,0,1,1,0,1,0,0
460,0,1,0,0,1,1,0,0
461,0,1,1,0,1,1,1,0
462,0,0,1,0,0,0,0,0
463,0,1,1,1,1,1,1,1
464,1,1,1,1,1,1,0,1
465,0,0,1,1,1,1,1,1
466,0,1,0,1,1,1,1,0
467,1,1,1,0,1,1,1,0
468,1,1,1,1,1,1,1,1
469,0,0,0,0,0,0,0,0
470,1,1,1,1,1,1,1,1
471,1,1,1,1,1,1,1,1
472,1,1,1,1,1,1,1,1
473,1,1,1,1,1,1,1,1
474,1,1,1,0,1,1,1,1
475,1,1,1,0,1,1,1,0
476,1,1,1,1,1,1,1,1
477,1,1,1,1,1,1,1,1
478,0,1,1,1,1,1,1,1
479,0,1,1,1,1,1,1,1
480,0,0,0,0,1,1,1,0
481,0,0,0,0,0,1,0,0
482,0,1,1,1,1,1,1,0
483,0,1,0,1,1,1,1,0
484,1,1,1,0,1,1,1,1
485,1,1,0,1,1,1,1,0
486,0,1,1,0,1,1,1,0
487,0,0,1,1,0,1,0,0
488,1,0,1,0,1,1,0,1
489,1,1,1,1,1,0,1,1
490,0,1,1,0,1,1,1,1
491,0,0,0,1,0,0,0,0
492,0,0,1,0,1,1,0,1
493,0,0,0,0,0,0,0,0
494,0,1,1,1,1,1,1,1
495,1,0,1,0,1,1,0,0
496,0,0,0,1,0,0,0,0
497,1,1,1,0,1,0,1,1
498,0,0,1,0,0,0,0,0
499,1,0,0,1,1,0,1,0
500,0,1,1,1,1,1,1,1
501,0,0,0,1,0,0,1,0
502,0,0,1,0,0,0,0,0
503,1,0,0,1,0,1,0,0
504,1,1,1,1,1,1,1,1
505,0,0,1,0,0,0,0,1
506,0,0,1,0,0,0,0,0
507,1,0,1,0,0,1,1,1
508,1,0,0,0,0,0,0,0
509,1,0,1,0,1,1,0,1
510,0,0,1,0,0,0,0,0
511,1,0,1,0,0,0,1,0
512,0,0,1,1,0,0,0,0
513,1,0,1,0,0,0,0,0
514,0,0,1,1,1,0,0,0
515,0,0,0,1,0,0,0,0
516,0,0,0,0,0,0,0,0
517,1,0,1,0,0,0,1,0
518,1,0,1,1,1,1,0,1
519,1,1,1,1,1,1,1,1
520,1,0,1,1,1,1,0,1
521,0,0,0,0,0,0,0,0
522,1,0,1,1,0,0,0,0
523,0,0,1,0,0,0,0,0
524,0,0,1,1,0,0,0,0
525,0,0,1,1,1,1,0,1
526,1,0,1,1,1,1,1,1
527,0,0,1,1,0,0,0,1
528,1,0,1,1,0,0,0,0
529,0,0,1,1,1,1,1,1
530,1,0,1,0,0,0,0,0
531,0,0,1,1,0,0,0,0
532,1,0,1,1,1,1,1,1
533,0,0,1,1,0,0,0,0
534,0,1,0,1,1,1,1,1
535,0,0,0,1,0,0,0,0
536,0,0,1,1,0,0,0,0
537,1,0,1,1,0,1,1,1
538,0,0,1,0,0,0,0,0
539,1,1,1,1,1,1,1,1
540,0,1,1,0,1,1,1,1
541,0,0,1,1,0,0,0,0
542,0,0,1,1,0,1,0,0
543,0,0,1,1,0,0,0,0
544,0,1,1,1,1,1,1,1
545,0,1,1,0,1,1,0,0
546,1,1,1,1,1,1,1,1
547,0,1,1,0,1,1,1,1
548,0,1,1,0,1,1,0,1
549,1,0,1,1,0,0,1,0
550,0,1,1,0,1,1,1,1
551,0,1,1,0,1,1,1,1
552,0,1,1,0,1,1,1,1
553,0,0,1,0,0,1,0,1
554,0,0,0,0,0,0,0,0
555,0,1,0,1,0,0,1,0
556,0,0,1,0,0,0,0,0
557,1,1,0,0,1,1,1,1
558,1,0,1,0,0,1,0,0
559,0,1,1,1,0,1,1,1
560,1,1,1,1,1,1,1,1
561,0,0,1,0,0,0,1,0
562,0,0,1,0,0,1,1,0
563,1,1,1,1,1,1,1,1
564,0,1,1,1,1,1,1,0
565,0,0,1,1,0,0,0,0
566,0,1,1,1,1,1,1,1
567,0,1,1,1,1,1,1,1
568,0,1,1,1,1,1,1,1
569,1,1,1,1,1,1,1,1
570,1,1,1,1,1,1,1,1
571,1,1,1,1,1,1,1,1
572,1,1,1,0,1,1,1,1
573,1,0,0,1,0,1,0,0
574,1,0,1,1,0,0,0,0
575,0,1,1,1,1,1,1,1
576,1,1,1,1,1,1,1,1
577,0,1,1,1,1,1,0,0
578,0,1,1,1,1,1,0,0
579,0,1,1,1,1,1,1,1
580,1,1,1,0,1,1,1,1
581,0,1,1,1,1,1,1,0
582,1,1,1,1,1,1,1,1
583,1,1,1,1,1,1,1,0
584,1,1,1,0,1,1,1,1
585,0,1,1,1,1,1,1,0
586,1,1,1,1,1,1,1,1
587,0,1,1,0,1,1,1,1
588,1,1,1,0,1,1,1,1
589,1,1,1,1,1,1,1,1
590,0,0,1,0,1,1,0,0
591,0,1,1,1,1,1,1,1
592,0,0,1,1,1,1,0,0
593,1,1,1,1,1,1,1,1
594,1,1,1,1,0,0,1,0
595,0,0,1,0,0,0,0,0
596,1,1,1,0,1,1,1,0
597,1,1,1,1,1,1,1,1
598,1,1,1,0,1,1,0,1
599,0,1,1,1,1,1,0,0
600,1,1,1,1,1,1,1,1
601,0,1,0,1,1,1,1,0
602,1,1,1,0,1,1,1,1
603,1,1,1,0,1,1,1,1
604,0,1,1,0,1,0,1,0
605,0,1,1,1,1,1,0,1
606,0,1,1,0,1,1,0,0
607,1,1,1,1,1,1,1,1
608,0,1,1,1,1,1,1,1
609,0,1,1,1,1,1,1,1
610,1,0,1,1,0,0,0,0
611,0,0,1,1,1,1,1,1
612,0,1,1,0,1,1,0,1
613,0,1,1,1,1,1,1,0
614,0,1,1,0,1,1,1,0
615,1,1,0,0,1,1,1,1
616,1,1,1,1,1,1,1,1
617,1,1,1,1,1,1,1,1
618,0,1,1,1,1,1,1,1
619,0,1,1,0,1,1,1,1
620,0,1,1,0,1,1,1,1
621,0,1,1,1,1,1,1,0
622,0,1,1,1,1,1,1,0
623,0,1,1,0,1,1,1,1
624,1,1,1,0,1,1,1,1
625,0,1,1,1,1,1,1,1
626,0,1,1,1,1,1,1,1
627,1,1,1,1,1,1,1,1
628,1,1,1,1,1,0,1,1
629,0,0,1,0,0,0,0,0
630,0,0,1,1,1,0,0,0
631,0,0,1,0,0,0,0,1
632,1,0,1,1,0,0,0,0
633,0,0,1,1,0,0,0,0
634,0,0,1,1,0,0,1,1
635,0,0,1,1,0,0,0,0
636,0,0,1,1,0,1,0,1
637,0,0,1,1,0,0,1,0
638,0,0,1,1,0,0,1,0
639,0,0,1,0,0,0,1,0
640,0,0,1,1,0,0,0,0
641,1,0,1,1,0,0,0,0
642,0,0,1,0,0,0,0,0
643,0,0,0,1,0,0,0,0
644,1,1,1,0,1,1,1,1
645,0,0,0,0,0,0,0,0
646,0,0,1,1,1,1,1,1
647,0,0,0,0,0,0,0,0
648,0,1,1,1,0,1,1,1
649,0,0,0,0,0,0,0,0
650,0,0,1,0,1,1,1,0
651,0,0,1,1,1,0,0,0
652,0,0,0,0,0,0,0,0
653,0,0,0,0,0,0,0,0
654,0,0,1,1,0,0,0,0
655,0,0,0,1,1,0,1,0
656,1,0,1,1,0,0,0,0
657,0,0,0,1,1,1,1,0
658,0,0,1,0,1,1,0,0
659,0,0,1,1,1,1,0,1
660,1,0,1,1,1,1,0,0
661,0,0,0,0,0,0,0,0
662,0,0,1,0,0,1,1,1
663,0,0,0,1,0,0,0,0
664,0,0,1,0,0,0,0,0
665,0,0,1,0,0,0,0,0
666,0,0,0,1,0,0,0,0
667,0,0,0,0,0,0,1,0
668,0,0,0,1,1,0,0,0
669,0,0,1,1,1,1,1,1
670,1,0,1,1,0,0,0,0
671,0,0,1,1,0,0,1,1
672,0,0,0,1,0,1,0,0
673,0,0,1,1,1,1,0,0
674,1,0,1,1,1,1,0,1
675,1,0,0,0,0,0,0,0
676,0,1,1,0,1,1,1,0
677,0,0,1,1,0,0,0,0
678,0,1,0,0,0,0,1,0
679,0,0,0,1,0,0,0,0
680,0,0,1,0,0,0,0,1
681,0,0,1,1,0,0,0,0
682,0,1,1,1,1,1,0,0
683,0,0,1,0,0,0,0,0
684,1,0,1,0,1,1,1,0
685,0,1,1,0,1,1,1,1
686,0,0,1,0,0,0,1,0
687,1,0,1,1,1,0,0,0
688,0,0,0,0,0,0,0,0
689,0,0,1,0,0,0,0,0
690,0,0,1,1,0,1,0,1
691,0,0,0,1,0,0,0,0
692,0,0,1,1,0,0,0,0
693,0,0,1,1,0,0,0,0
694,0,0,1,1,1,0,0,0
695,0,0,1,1,0,0,0,0
696,0,0,1,0,0,0,0,0
697,0,0,1,0,0,0,0,0
698,0,0,0,0,0,0,0,0
699,0,1,1,0,1,1,0,1
700,0,0,1,0,0,0,0,0
701,0,1,1,1,1,1,1,1
702,1,1,1,0,1,1,1,1
703,0,0,1,1,0,0,0,0
704,0,1,1,1,1,1,0,1
705,1,0,1,0,0,0,1,0
706,0,0,0,1,0,0,1,0
707,0,1,1,1,1,1,1,1
708,0,1,1,1,1,1,1,0
709,1,1,1,1,1,1,1,1
710,1,1,1,1,1,1,1,1
711,1,1,0,1,1,1,1,1
712,0,0,1,1,0,0,0,0
713,1,1,1,0,1,1,1,0
714,0,0,1,1,0,0,0,0
715,0,0,1,0,1,1,0,0
716,1,1,1,1,1,1,1,1
717,0,0,1,1,0,0,0,0
718,1,0,1,0,0,1,0,0
719,0,0,1,0,1,1,1,1
720,0,0,1,0,0,0,0,0
721,0,1,1,1,1,1,1,0
722,0,0,1,1,0,1,0,0
723,0,0,1,1,0,1,1,0
724,0,0,1,1,1,0,0,1
725,1,1,1,0,1,1,1,1
726,1,1,1,0,1,1,1,0
727,1,1,1,1,1,1,1,0
728,1,1,1,1,1,1,1,1
729,0,0,1,1,1,1,0,1
730,0,0,1,1,1,1,0,1
731,0,0,1,1,0,0,0,0
732,1,1,1,1,1,1,1,1
733,1,0,1,0,1,1,0,1
734,1,0,1,1,1,1,1,1
735,0,0,1,1,1,1,0,0
736,0,0,1,1,1,1,0,1
737,1,1,1,1,1,1,1,0
738,1,0,1,1,1,1,1,1
739,0,0,1,1,0,1,1,0
740,1,0,1,0,0,1,1,1
741,1,0,1,1,1,1,1,1
742,0,0,1,1,0,0,0,0
743,0,1,1,0,1,1,0,0
744,0,0,1,1,0,0,0,0
745,1,0,1,1,1,1,0,1
746,1,0,1,1,0,1,0,0
747,0,1,1,1,1,1,1,1
748,0,0,1,1,1,1,1,0
749,0,1,1,1,1,1,1,0
750,0,1,1,1,1,1,1,1
751,0,0,1,0,0,0,0,0
752,1,0,1,0,1,1,1,1
753,0,1,1,1,1,1,1,1
754,1,1,1,0,1,1,0,1
755,1,0,1,1,1,1,1,1
756,0,0,1,1,1,1,1,1
757,0,1,1,0,1,1,1,1
758,0,0,1,1,1,1,1,1
759,1,0,1,0,0,0,0,0
760,0,1,1,1,1,1,1,1
761,0,0,1,1,0,0,0,0
762,1,1,1,1,1,1,1,1
763,1,1,1,0,1,1,1,1
764,1,1,1,0,1,1,0,1
765,0,1,1,0,0,1,1,1
766,1,1,0,1,0,1,1,1
767,0,0,1,1,0,0,0,0
768,0,1,1,0,1,1,0,0
769,0,0,1,0,0,1,0,0
770,0,1,1,1,1,1,1,1
771,1,1,1,0,1,1,1,0
772,1,1,1,0,1,1,1,0
773,0,0,1,0,1,1,0,0
774,1,0,1,0,1,1,0,0
775,0,1,1,1,1,1,1,1
776,0,1,1,1,0,0,0,0
777,0,0,1,0,0,0,0,0
778,0,0,1,0,0,0,0,0
779,0,1,1,1,1,1,0,0
780,0,1,1,1,1,1,1,1
781,0,1,1,1,1,1,1,1
782,0,1,1,1,0,0,1,0
783,0,1,1,1,1,1,1,0
784,0,1,1,1,1,1,0,0
785,0,0,1,1,1,1,1,0
786,0,1,0,0,1,1,1,0
787,1,0,1,1,1,1,1,1
788,0,0,1,0,1,1,1,0
789,0,1,1,1,1,1,1,1
790,0,0,1,1,0,1,0,0
791,0,1,1,0,1,1,1,1
792,0,0,1,1,0,0,0,0
793,0,0,1,1,1,1,0,0
794,0,0,1,1,0,0,0,1
795,0,0,0,0,0,0,0,0
796,0,0,1,0,0,0,0,0
797,0,0,1,0,0,0,1,1
798,0,0,1,1,0,0,0,0
799,1,0,1,1,0,1,0,1
800,1,0,1,0,0,0,1,0
801,0,0,1,1,0,0,1,0
802,0,0,1,0,0,0,1,0
803,1,0,1,1,0,0,0,0
804,0,0,1,1,0,0,0,0
805,0,0,1,0,0,0,0,0
806,0,0,1,0,0,0,0,0
807,0,1,1,1,0,1,1,1
808,0,0,0,0,0,0,0,0
809,0,0,1,0,1,1,1,1
810,0,0,1,0,0,0,0,0
811,0,1,1,1,0,1,1,1
812,0,0,1,0,0,0,0,0
813,1,0,0,1,1,0,1,0
814,0,0,1,0,1,0,0,0
815,0,0,1,1,0,0,0,0
816,0,0,1,1,0,0,0,0
817,0,0,1,0,0,0,0,0
818,0,0,1,1,1,0,1,0
819,1,0,1,1,0,0,0,0
820,0,0,1,1,1,0,1,0
821,0,0,1,1,1,1,0,0
822,0,0,1,1,1,1,0,1
823,1,0,1,1,1,1,0,0
824,0,0,1,0,0,0,0,0
825,1,0,1,1,0,1,1,1
826,0,0,1,1,0,0,0,0
827,0,0,1,0,0,0,0,0
828,0,0,1,1,0,0,0,0
829,0,0,1,1,0,0,0,0
830,0,0,1,0,0,0,1,0
831,0,0,1,1,1,0,0,0
832,1,0,1,0,1,1,1,1
833,1,0,1,1,0,0,0,0
834,1,0,1,1,0,0,1,1
835,0,0,1,0,0,0,0,0
836,0,0,1,1,1,1,0,0
837,1,0,1,0,1,1,0,1
838,0,0,0,1,0,0,0,0
839,0,0,1,0,0,0,0,0
840,0,0,1,1,0,0,0,0
841,1,0,1,1,0,0,1,0
842,1,0,1,1,0,0,0,0
843,1,0,0,1,0,0,1,0
844,1,1,1,1,1,1,1,1
845,0,1,1,0,0,0,1,0
846,0,1,1,1,1,1,0,0
847,0,1,1,1,1,1,1,0
848,0,1,0,0,1,1,1,1
849,0,1,1,1,1,1,1,0
850,1,1,1,0,1,1,0,0
851,0,0,0,0,0,0,0,0
852,0,1,1,0,1,1,1,0
853,0,0,0,1,0,0,0,0
854,0,1,1,1,1,1,1,0
855,0,1,1,1,1,1,1,0
856,1,1,1,1,1,1,1,1
857,0,0,1,0,0,0,0,0
858,0,1,1,0,1,1,1,1
859,0,1,0,0,1,1,1,0
860,0,0,1,1,0,1,0,0
861,1,1,1,0,1,1,1,0
862,0,1,1,1,1,1,1,0
863,0,1,1,1,1,0,0,0
864,0,0,1,1,0,0,0,0
865,1,0,1,1,0,0,0,1
866,0,0,1,1,0,0,0,0
867,0,1,1,1,1,1,1,1
868,0,1,1,1,0,0,0,0
869,0,0,1,1,0,0,0,0
870,0,0,1,0,0,0,0,0
871,1,1,1,1,0,0,1,0
872,0,1,1,1,1,1,0,0
873,0,1,1,1,1,1,1,0
874,0,0,1,1,0,0,0,0
875,0,0,1,0,0,0,0,0
876,0,1,1,1,1,0,1,1
877,0,1,1,1,0,0,1,0
878,0,1,1,1,0,0,1,0
879,1,0,1,1,0,0,1,1
880,1,1,1,1,0,1,1,0
881,0,1,1,0,1,1,1,1
882,0,1,1,1,1,1,1,1
883,0,1,1,1,1,1,1,1
884,0,1,1,0,1,0,0,0
885,1,1,1,1,1,1,1,1
886,1,1,1,0,1,1,0,0
887,0,1,1,1,1,1,1,1
888,0,0,1,1,0,1,1,0
889,0,0,1,1,0,0,0,0
890,0,0,1,1,0,0,0,0
891,0,1,1,1,1,1,1,1
892,1,0,1,0,0,1,0,1
893,0,0,0,1,0,0,0,0
894,1,1,1,0,1,1,1,1
895,0,1,1,1,1,1,1,1
896,0,1,1,1,1,1,1,1
897,0,0,1,0,0,0,0,0
898,0,1,1,0,1,1,1,0
899,1,0,1,0,0,1,0,0
900,1,1,1,1,1,0,1,1
901,0,1,1,1,1,1,1,1
902,0,1,1,1,1,1,1,1
903,1,1,1,0,1,1,1,0
904,1,1,1,0,1,1,1,1
905,0,0,1,0,0,0,0,0
906,0,1,1,1,1,0,1,1
907,0,1,1,0,1,1,1,1
908,0,1,1,1,1,1,0,0
909,1,1,1,1,1,1,0,1
910,0,1,1,0,1,1,1,1
911,1,1,1,1,1,1,1,1
912,0,1,1,1,1,1,1,1
913,1,1,1,1,1,1,1,0
914,1,1,1,1,1,1,1,1
915,1,1,1,0,1,0,1,1
916,0,1,1,1,1,1,1,1
917,0,1,1,1,1,1,1,1
918,0,1,0,0,1,1,1,1
919,1,1,1,0,1,1,1,1
920,0,1,1,1,1,1,1,1
921,1,1,1,1,0,0,1,0
922,0,1,0,0,1,1,1,0
923,0,1,1,1,0,0,1,0
924,0,1,1,0,1,1,1,1
925,0,1,0,0,1,1,1,0
926,0,1,1,1,1,1,1,0
927,1,1,1,1,0,0,1,0
928,1,1,1,1,1,1,1,1
929,1,1,1,1,1,1,1,1
930,0,1,1,1,1,0,0,0
931,1,1,0,1,1,0,1,1
932,1,1,0,1,1,1,1,1
933,0,0,1,0,1,0,0,1
934,0,1,0,1,1,1,1,1
935,0,1,1,1,1,1,1,1
936,0,0,1,0,0,0,1,0
937,1,1,1,0,1,1,1,1
938,0,1,1,1,1,1,1,1
939,0,0,1,1,0,0,0,0
940,1,1,1,1,1,1,1,1
941,1,0,0,1,0,0,1,0
942,0,1,1,0,1,0,1,1
943,1,1,1,1,1,1,1,1
944,0,1,0,0,1,1,1,1
945,1,0,1,1,0,0,0,0
946,0,1,1,0,0,0,1,0
947,0,1,1,0,1,1,1,0
948,0,1,1,1,1,1,1,0
949,1,1,1,1,1,1,1,1
950,0,1,1,1,0,0,0,1
951,0,0,1,0,0,0,0,0
952,0,1,1,0,1,0,1,1
953,1,1,1,1,1,1,1,1
954,1,1,1,1,1,0,1,1
955,0,1,1,0,0,0,1,0
956,0,1,1,1,1,1,1,0
957,0,1,1,1,1,1,1,0
958,0,1,1,1,1,1,1,1
959,0,1,1,1,1,1,1,0
960,0,0,1,1,0,0,1,0
961,1,1,1,1,1,1,1,1
962,0,1,1,1,1,1,1,1
963,0,0,1,1,0,0,0,0
964,1,1,1,1,1,1,1,1
965,0,1,1,1,1,1,0,0
966,1,1,1,1,1,1,1,1
967,0,1,1,1,1,1,1,1
968,1,1,1,0,1,1,1,0
969,1,0,1,1,0,0,0,0
970,1,1,1,1,1,0,1,0
971,1,1,0,1,1,1,0,1
972,1,1,1,1,1,1,1,1
973,0,1,1,0,1,1,1,1
974,0,1,1,1,1,1,1,1
975,0,1,1,0,0,0,1,1
976,0,0,1,0,0,0,1,1
977,0,0,1,0,1,1,1,1
978,0,1,1,1,0,0,1,0
979,0,1,1,1,1,1,1,1
980,0,1,1,1,1,1,1,1
981,1,1,1,1,1,1,1,1
982,1,0,1,1,0,0,0,0
983,1,1,1,0,1,1,1,1
984,0,1,1,1,1,0,1,1
985,0,1,0,0,1,1,1,0
986,0,1,1,1,0,0,1,0
987,1,0,1,1,0,0,0,0
988,1,1,1,1,1,1,1,1
989,0,1,1,1,1,1,1,1
990,0,1,1,1,1,1,1,1
991,1,1,1,1,1,1,1,1
992,1,1,1,0,1,1,0,1
993,1,1,1,1,1,1,0,0
994,1,0,0,0,0,0,0,0
995,1,1,1,1,1,1,1,1
996,1,1,1,1,1,1,0,0
997,1,1,1,0,1,1,1,1
998,0,1,1,1,1,1,1,0
999,1,1,1,1,1,1,1,0
1000,1,1,1,1,1,0,1,0
1001,1,1,1,0,1,1,1,1
1002,0,1,1,1,1,1,1,1
1003,0,0,1,0,1,0,1,0
1004,1,0,1,1,0,0,0,0
1005,0,1,1,0,1,1,1,1
1006,0,1,1,1,1,1,1,0
1007,0,1,0,0,1,0,1,0
1008,0,1,1,0,1,1,1,0
1009,0,0,1,1,0,0,0,0
1010,0,1,1,1,1,1,1,0
1011,1,1,1,0,0,0,1,0
1012,0,0,1,1,0,0,0,0
1013,0,0,1,1,0,0,1,0
1014,0,1,1,1,0,1,1,0
1015,1,1,1,1,1,1,1,1
1016,0,0,1,1,0,0,0,0
1017,1,1,0,1,1,1,0,1
1018,0,1,0,1,1,1,1,1
1019,1,0,1,1,0,0,0,0
1020,0,1,1,0,1,1,1,0
1021,0,1,1,1,0,0,0,0
1022,1,0,0,1,0,0,0,0
1023,0,1,1,0,1,1,1,1
1024,1,1,1,1,1,1,1,1
1025,0,0,1,1,0,0,0,0
1026,1,1,0,0,1,1,1,0
1027,0,1,1,0,1,1,1,0
1028,0,1,1,1,1,1,1,1
1029,0,0,1,1,0,0,0,0
1030,1,1,1,0,1,1,0,1
1031,0,0,1,0,0,0,0,0
1032,0,0,1,1,0,0,0,0
1033,1,1,1,1,1,1,1,1
1034,1,1,1,0,1,1,1,1
1035,0,0,0,0,0,0,0,0
1036,0,0,1,1,1,1,0,1
1037,1,0,1,1,0,0,0,0
1038,0,0,1,0,0,0,0,1
1039,0,0,1,1,0,0,0,0
1040,0,1,1,0,0,1,1,1
1041,0,1,1,1,1,1,1,0
1042,0,1,1,1,1,1,1,1
1043,1,1,1,1,1,1,1,1
1044,1,1,1,0,1,1,1,1
1045,0,1,0,0,0,0,1,0
1046,0,0,1,1,0,0,0,0
1047,0,0,0,0,0,0,0,0
1048,0,1,1,1,1,1,1,1
1049,0,1,1,0,1,1,1,1
1050,0,1,1,1,1,1,0,1
1051,0,0,1,1,0,0,0,0
1052,0,1,1,0,1,1,0,0
1053,1,1,1,0,0,0,1,0
1054,0,0,1,1,0,0,0,0
1055,0,0,1,1,0,0,0,0
1056,0,0,1,1,0,0,0,0
1057,1,0,1,0,0,0,1,0
1058,0,0,1,0,0,0,0,0
1059,1,0,1,1,0,0,0,1
1060,1,0,1,0,0,0,0,0
1061,0,0,1,1,0,0,0,0
1062,0,0,1,1,0,0,0,0
1063,1,1,1,0,1,0,1,0
1064,1,0,1,1,0,0,0,0
1065,0,0,1,1,0,0,1,0
1066,1,1,1,1,1,1,1,1
1067,1,1,1,1,1,1,1,1
1068,0,0,1,1,0,0,0,0
1069,1,1,1,0,1,1,1,1
1070,0,0,1,1,0,0,0,0
1071,0,0,1,1,0,1,0,0
1072,1,0,1,1,0,1,1,1
1073,0,0,1,1,0,0,1,1
1074,1,1,1,1,1,1,1,1
1075,1,0,1,0,1,1,0,1
1076,1,1,1,1,0,0,0,1
1077,1,1,1,0,1,1,1,1
1078,0,1,1,1,1,1,1,1
1079,0,1,1,0,1,1,1,0
1080,0,0,1,1,0,0,0,0
1081,0,0,0,0,0,0,0,0
1082,1,1,1,0,1,1,1,1
1083,1,0,1,0,0,0,0,0
1084,0,1,1,0,0,0,0,0
1085,0,0,1,1,0,0,0,0
1086,0,0,1,0,0,0,0,0
1087,1,0,1,1,0,0,0,0
1088,0,1,1,0,1,1,1,1
1089,0,1,1,0,1,1,1,1
1090,0,1,1,1,1,1,0,1
1091,0,1,1,1,1,1,1,1
1092,0,1,1,1,1,1,1,1
1093,1,1,1,1,1,1,1,1
1094,0,0,1,1,0,0,0,0
1095,1,1,1,0,1,1,1,1
1096,0,1,1,0,1,1,1,1
1097,0,1,1,1,1,1,1,1
1098,1,1,1,1,1,1,1,1
1099,0,1,1,1,1,1,1,1
1100,0,1,1,0,1,1,1,1
1101,1,1,1,1,1,1,1,1
1102,0,1,1,0,1,1,1,0
1103,1,1,1,0,1,1,1,1
1104,1,1,1,0,1,1,1,1
1105,0,1,1,1,1,1,1,1
1106,1,1,1,0,1,1,0,0
1107,0,1,1,0,1,1,0,0
1108,1,1,1,1,1,1,1,1
1109,0,1,1,1,1,1,1,1
1110,1,0,1,1,0,1,0,0
1111,0,0,1,0,0,0,0,0
1112,0,1,1,1,1,1,1,1
1113,0,0,1,1,1,1,0,0
1114,0,0,0,1,0,0,0,0
1115,1,1,1,1,1,1,1,0
1116,0,1,1,1,1,1,1,1
1117,1,1,1,1,1,1,0,1
1118,0,1,1,1,1,1,1,1
1119,0,0,1,1,1,1,0,0
1120,0,1,1,0,1,1,0,0
1121,0,1,1,1,1,1,1,1
1122,0,1,1,0,1,1,1,1
1123,0,1,1,0,1,1,1,1
1124,0,0,1,0,1,1,1,1
1125,0,1,1,0,1,1,0,0
1126,0,1,1,1,1,1,1,0
1127,0,1,1,1,1,1,1,1
1128,0,1,1,1,1,1,1,0
1129,0,1,0,0,1,1,1,0
1130,0,1,0,1,1,1,0,0
1131,0,1,1,1,1,1,0,1
1132,1,1,1,1,1,1,1,1
1133,0,1,1,1,1,1,1,1
1134,0,0,1,0,0,0,0,0
1135,0,1,1,1,1,1,1,1
1136,1,1,1,0,1,1,1,1
1137,0,1,0,0,1,1,1,0
1138,1,1,1,0,1,1,1,1
1139,1,1,1,0,1,1,1,1
1140,1,1,1,0,1,1,0,1
1141,0,1,1,1,1,1,0,1
1142,1,1,1,1,1,1,1,1
1143,1,1,1,0,1,1,1,1
1144,0,1,0,1,1,1,0,0
1145,0,0,0,1,0,0,0,0
1146,0,1,1,1,1,1,1,1
1147,0,0,1,1,1,1,1,0
1148,1,1,1,1,1,1,1,1
1149,0,1,1,1,1,1,0,0
1150,1,1,1,1,1,1,1,0
1151,0,0,1,1,0,0,1,1
1152,0,0,1,0,0,1,1,1
1153,0,0,1,1,0,0,0,0
1154,0,0,1,1,0,0,0,0
1155,0,0,1,0,0,0,0,0
1156,0,0,1,1,0,0,1,1
1157,0,0,1,1,0,0,0,0
1158,0,0,1,0,0,0,0,0
1159,0,1,1,1,0,0,0,0
1160,1,1,1,1,0,0,0,0
1161,1,0,1,1,0,0,0,1
1162,0,0,1,1,0,0,0,0
1163,0,0,1,1,0,0,0,0
1164,0,0,1,1,0,0,0,0
1165,1,0,1,0,0,0,0,1
1166,1,0,1,0,0,0,0,0
1167,0,0,1,1,0,1,0,0
1168,0,1,1,1,0,0,1,0
1169,1,0,1,0,0,0,0,1
1170,0,0,1,1,0,0,0,0
1171,0,0,1,0,0,0,0,0
1172,1,0,1,1,0,0,0,0
1173,0,0,1,0,0,0,0,0
1174,0,0,0,1,0,0,0,0
1175,0,0,1,1,0,0,0,0
1176,0,0,0,0,0,0,0,0
1177,1,1,1,0,1,1,1,1
1178,0,1,1,0,0,1,1,1
1179,0,0,1,0,0,0,0,0
1180,0,1,1,0,1,1,0,0
1181,0,0,0,1,0,1,0,0
1182,1,1,1,1,0,1,1,1
1183,1,1,1,0,1,1,1,0
1184,1,1,1,0,1,1,1,0
1185,0,0,1,1,1,1,0,0
1186,0,0,1,0,1,1,0,0
1187,1,1,0,1,1,1,1,1
1188,1,1,1,1,0,0,0,0
1189,0,0,1,0,0,0,0,0
1190,0,0,1,1,0,0,0,0
1191,1,1,0,1,1,1,0,0
1192,0,1,1,0,1,1,1,1
1193,0,1,1,1,1,1,1,1
1194,0,1,1,1,1,0,1,0
1195,0,1,1,0,1,1,1,0
1196,0,1,0,1,1,1,0,0
1197,0,0,1,1,1,1,1,0
1198,0,1,1,1,1,1,1,0
1199,1,0,1,1,1,1,1,1
1200,0,0,1,0,1,1,1,0
1201,0,1,1,0,1,1,1,1
1202,0,0,1,1,0,0,0,0
1203,1,1,1,1,1,1,1,1
1204,0,0,1,0,0,0,0,0
1205,0,1,1,1,1,1,1,1
1206,0,0,1,0,0,0,1,0
1207,0,0,1,1,0,0,0,0
1208,0,1,1,1,1,1,1,1
1209,0,1,1,1,1,1,0,0
1210,0,0,0,0,0,0,0,0
1211,1,1,0,1,0,0,1,0
1212,1,1,1,1,1,1,1,0
1213,1,0,1,1,0,0,1,0
1214,0,1,1,0,1,1,1,0
1215,0,1,1,1,1,1,0,0
1216,1,0,1,1,0,0,1,0
1217,0,0,1,0,0,1,1,0
1218,0,1,1,1,1,1,0,0
1219,1,1,0,1,1,1,1,0
1220,1,1,1,1,1,1,1,1
1221,0,1,1,1,1,1,0,0
1222,1,1,1,0,1,1,1,0
1223,0,0,1,1,0,0,0,0
1224,0,0,0,1,0,0,0,0
1225,0,0,1,0,0,0,1,0
1226,0,0,1,1,0,1,1,1
1227,0,1,1,1,1,1,1,0
1228,0,0,0,0,0,0,0,0
1229,0,0,1,0,0,0,0,0
1230,1,0,1,1,0,0,0,1
1231,0,0,1,0,0,0,0,0
1232,0,0,1,1,0,1,1,1
1233,1,1,1,1,1,1,1,0
1234,1,0,1,0,0,1,1,0
1235,0,0,1,0,0,0,0,0
1236,0,0,1,1,0,0,0,0
1237,1,1,1,0,1,0,1,1
1238,0,0,1,0,0,0,0,0
1239,0,0,1,1,0,0,0,0
1240,0,0,1,1,0,1,0,1
1241,0,0,1,1,0,0,0,0
1242,0,0,1,1,0,0,0,0
1243,1,0,1,0,0,0,0,0
1244,0,1,1,1,1,1,1,0
1245,0,1,1,0,0,1,1,1
1246,1,1,1,1,1,1,1,1
1247,1,0,1,0,0,0,0,0
1248,0,0,0,1,0,0,0,0
1249,0,0,1,0,0,0,0,0
1250,0,1,1,1,0,1,1,0
1251,0,0,1,0,0,0,1,0
1252,0,0,1,1,0,0,0,0
1253,0,0,1,1,0,0,0,0
1254,1,1,1,0,1,1,1,1
1255,1,0,1,1,0,1,0,1
1256,0,0,1,0,0,0,0,0
1257,0,0,1,0,0,0,0,0
1258,0,1,0,0,1,0,0,0
1259,0,0,1,1,0,1,0,0
1260,0,1,1,0,0,1,1,0
1261,0,1,1,1,1,1,1,1
1262,0,1,1,0,1,1,1,0
1263,0,0,1,0,0,1,0,0
1264,0,0,1,1,1,1,0,1
1265,1,1,1,1,1,1,1,1
1266,0,1,1,0,1,1,1,0
1267,1,1,1,0,1,1,1,0
1268,1,0,1,0,1,0,0,1
1269,1,1,0,0,1,1,1,1
1270,1,1,1,1,1,1,1,1
1271,1,1,1,1,1,1,1,0
1272,1,1,1,1,1,1,1,1
1273,1,1,1,0,0,1,1,0
1274,1,1,1,0,1,1,1,1
1275,1,1,1,0,1,1,1,1
1276,1,1,1,0,1,1,1,1
1277,0,1,1,1,1,1,1,0
1278,1,1,1,1,0,1,1,1
1279,0,0,1,1,0,0,0,0
1280,1,1,1,0,1,1,1,1
1281,1,1,1,1,1,1,1,1
1282,1,0,1,1,0,1,1,0
1283,1,1,1,1,1,1,1,1
1284,0,1,1,0,1,1,1,1
1285,1,1,1,0,1,1,1,1
1286,1,1,1,1,1,1,1,1
1287,1,1,1,1,0,0,1,0
1288,1,1,1,1,1,1,1,1
1289,0,1,1,0,1,1,1,1
1290,0,0,1,1,0,0,0,0
1291,1,1,1,1,1,1,0,1
1292,1,0,0,1,1,1,0,1
1293,0,1,1,1,1,1,1,1
1294,0,0,0,1,0,0,0,0
1295,1,1,1,1,1,1,1,0
1296,0,1,1,0,1,1,1,1
1297,0,1,1,1,1,1,1,1
1298,0,1,1,0,1,1,1,1
1299,1,0,1,1,0,1,0,0
1300,0,1,1,0,1,1,0,0
1301,1,1,1,0,1,1,1,0
1302,0,0,1,1,1,1,0,0
1303,1,1,1,1,1,1,1,1
1304,1,1,1,1,1,1,0,1
1305,0,0,1,0,1,1,1,1
1306,0,1,1,0,1,1,1,0
1307,0,1,1,0,1,1,1,0
1308,0,1,1,1,1,1,1,1
1309,0,0,1,1,0,0,0,0
1310,1,1,1,1,1,1,1,1
1311,1,1,1,1,1,1,1,1
1312,1,1,1,0,1,1,1,1
1313,0,1,1,1,1,1,1,1
1314,1,1,1,1,1,1,1,1
1315,0,1,1,1,1,1,1,0
1316,0,1,1,1,1,1,1,1
1317,1,1,1,1,1,1,1,1
1318,1,1,1,1,1,1,1,1
1319,1,1,1,0,1,1,1,1
1320,0,0,1,1,1,1,1,0
1321,1,0,1,1,0,1,0,0
1322,0,1,1,1,1,1,1,0
1323,0,1,1,1,1,1,1,0
1324,1,1,1,1,1,1,1,1
1325,1,1,1,1,1,1,1,0
1326,0,1,1,0,1,1,1,0
1327,1,0,1,1,0,1,0,0
1328,0,1,1,1,1,1,1,1
1329,0,1,1,1,0,0,1,1
1330,0,1,1,1,1,1,0,0
1331,0,0,1,1,0,0,0,0
1332,1,1,1,1,1,1,1,0
1333,0,1,1,1,0,0,0,0
1334,0,0,1,0,0,1,0,0
1335,1,1,1,0,1,1,1,0
1336,0,0,1,0,0,0,1,0
1337,0,0,1,1,1,1,0,0
1338,0,0,0,1,0,1,1,0
1339,0,0,1,1,1,1,0,1
1340,0,0,1,1,0,0,0,0
1341,0,1,1,1,1,1,1,1
1342,0,0,1,1,0,0,0,0
1343,0,0,1,0,0,0,0,0
1344,1,1,0,0,1,1,1,0
1345,0,1,1,1,1,1,1,1
1346,0,1,1,1,1,1,1,1
1347,0,0,1,1,0,0,0,0
1348,1,0,1,0,0,1,0,0
1349,0,0,1,1,0,0,1,0
1350,0,1,1,1,1,1,1,1
1351,0,1,1,1,1,1,1,0
1352,1,1,1,1,1,1,1,1
1353,0,1,1,1,1,1,0,0
1354,0,1,1,1,1,1,1,1
1355,0,1,1,1,1,1,0,1
1356,0,1,1,0,1,1,1,0
1357,0,0,0,0,0,0,0,0
1358,0,0,1,0,1,1,0,1
1359,0,1,1,1,1,1,0,0
1360,0,0,0,1,0,1,0,0
1361,0,1,1,0,1,1,1,0
1362,0,0,1,1,0,0,0,0
1363,0,0,0,1,0,1,1,0
1364,0,0,1,1,0,0,0,0
1365,0,0,1,1,0,1,1,0
1366,0,1,1,0,1,1,1,0
1367,1,0,1,0,0,1,0,1
1368,0,1,0,1,1,1,1,0
1369,0,1,1,0,1,1,1,0
1370,1,0,1,1,0,0,0,0
1371,0,1,0,0,0,1,0,0
1372,0,1,0,1,1,1,1,1
1373,1,1,1,1,1,1,1,0
1374,0,0,0,1,0,1,0,0
1375,0,0,1,1,0,1,0,1
1376,0,0,1,0,0,0,0,0
1377,0,0,0,1,0,0,0,0
1378,0,1,0,0,0,0,0,0
1379,1,1,1,0,1,1,1,1
1380,1,1,1,1,1,1,1,1
1381,0,0,0,1,0,0,0,0
1382,1,1,1,1,1,1,0,1
1383,1,0,1,1,0,0,1,0
1384,0,0,1,1,0,0,1,0
1385,1,1,1,1,1,1,1,1
1386,0,1,1,0,1,1,1,0
1387,0,1,1,0,1,1,1,1
1388,1,1,1,1,1,1,1,1
1389,1,1,1,0,1,1,1,1
1390,1,0,1,0,0,0,0,0
1391,0,1,1,1,1,1,1,0
1392,1,0,0,0,0,0,0,0
1393,0,0,1,0,1,1,0,0
1394,0,1,1,0,1,1,1,1
1395,0,0,1,1,0,0,0,0
1396,0,0,1,1,0,1,0,0
1397,1,0,1,0,1,1,1,1
1398,0,0,1,0,0,1,0,0
1399,0,1,0,1,1,1,1,0
1400,0,0,1,1,0,1,0,0
1401,0,0,1,0,0,1,1,0
1402,1,0,1,0,1,0,0,1
1403,0,1,1,1,1,1,1,1
1404,0,1,1,1,1,1,1,0
1405,0,1,1,1,1,1,1,0
1406,0,1,1,0,1,1,1,1
1407,1,0,1,0,1,1,0,1
1408,0,0,1,1,1,1,0,1
1409,0,0,1,0,0,0,0,0
1410,1,1,1,1,1,1,1,1
1411,0,0,1,1,1,1,0,1
1412,0,0,1,1,1,1,1,1
1413,1,0,1,1,1,1,0,0
1414,1,0,1,0,1,1,0,1
1415,1,1,1,0,1,1,1,0
1416,1,0,1,1,1,1,1,1
1417,0,0,1,0,0,1,1,0
1418,1,0,1,0,0,1,1,1
1419,0,0,0,1,1,1,1,1
1420,1,0,1,1,0,0,0,0
1421,0,1,1,0,1,1,0,0
1422,0,0,0,0,0,0,0,0
1423,1,0,1,1,1,1,0,1
1424,1,0,1,1,0,1,0,0
1425,0,1,1,1,1,1,1,1
1426,1,0,1,0,1,1,1,0
1427,0,1,1,1,1,1,1,0
1428,1,1,1,0,1,1,1,1
1429,1,0,1,1,0,0,0,0
1430,1,0,1,0,1,1,1,1
1431,1,1,1,0,1,1,1,1
1432,1,1,1,1,1,1,0,1
1433,0,0,1,0,1,1,1,1
1434,0,0,1,0,1,1,1,1
1435,0,1,1,0,1,1,1,1
1436,1,0,1,1,1,1,1,1
1437,0,0,1,1,0,0,0,0
1438,0,1,1,1,1,1,1,1
1439,1,0,0,0,0,0,0,0
1440,1,1,1,0,1,1,1,1
1441,1,1,1,1,1,1,1,1
1442,1,1,1,0,1,1,0,1
1443,1,0,1,1,0,1,1,1
1444,0,0,1,1,0,0,0,0
1445,1,1,1,1,1,1,1,1
1446,1,1,1,1,1,1,1,1
1447,0,0,1,1,0,0,0,0
1448,0,0,1,0,0,1,0,0
1449,1,0,1,0,0,0,0,0
1450,1,1,1,1,1,1,1,1
1451,1,1,1,0,1,1,0,0
1452,1,1,1,1,1,1,1,1
1453,0,1,1,1,1,1,1,1
1454,0,1,1,1,1,1,0,1
1455,0,0,1,1,0,0,1,0
1456,1,1,1,1,1,1,1,1
1457,0,1,1,0,1,1,1,1
1458,1,1,1,1,1,1,1,1
1459,1,0,1,1,0,1,0,1
1460,0,0,0,1,0,0,0,0
1461,0,1,1,1,0,0,1,0
1462,1,0,1,1,0,0,0,0
1463,1,1,1,1,1,1,1,1
1464,0,0,1,1,0,1,0,0
1465,1,1,1,0,0,1,1,1
1466,0,1,1,0,1,1,1,1
1467,1,0,0,1,0,0,1,0
1468,1,1,1,0,1,0,1,1
1469,1,1,1,1,1,0,1,1
1470,1,0,1,1,1,0,1,1
1471,1,1,1,1,1,1,1,1
1472,0,1,1,1,1,1,0,1
1473,0,1,1,1,1,1,0,1
1474,1,1,1,1,1,1,1,1
1475,0,1,1,1,1,1,1,0
1476,1,1,1,0,1,1,1,1
1477,0,0,1,1,0,0,0,0
1478,0,1,1,1,1,1,1,1
1479,0,1,1,0,1,0,0,1
1480,0,0,1,1,0,0,0,0
1481,0,1,1,0,1,1,1,1
1482,1,1,1,1,1,1,1,1
1483,1,1,1,0,1,1,0,1
1484,1,1,1,1,1,1,1,1
1485,1,1,1,0,1,1,1,1
1486,1,1,1,1,1,1,1,1
1487,1,1,1,0,0,0,1,0
1488,1,1,1,0,1,1,1,1
1489,1,1,1,0,1,0,1,0
1490,0,0,1,1,0,0,0,0
1491,1,1,1,0,1,1,1,1
1492,1,1,1,0,0,0,1,0
1493,0,1,1,0,1,0,1,1
1494,0,1,1,0,1,0,0,0
1495,1,1,1,0,1,1,1,1
1496,0,1,1,0,0,0,1,0
1497,1,1,0,1,1,1,1,0
1498,0,1,1,0,1,1,0,1
1499,1,1,1,0,1,1,1,1
1500,1,1,1,0,0,0,1,0
1501,1,1,1,1,1,1,1,1
1502,0,1,1,0,1,1,1,1
1503,0,0,1,1,0,0,0,0
1504,0,0,1,1,0,1,0,0
1505,0,1,1,1,1,1,1,1
1506,0,0,1,1,0,0,0,0
1507,1,0,1,1,0,0,0,0
1508,1,1,1,0,1,1,1,1
1509,1,1,1,1,0,0,0,0
1510,1,0,1,0,0,0,0,1
1511,1,0,0,1,0,0,0,0
1512,0,0,1,1,0,0,1,0
1513,1,1,1,1,1,1,1,1
1514,1,1,0,0,1,1,1,0
1515,1,1,0,1,0,0,0,0
1516,0,1,1,1,1,1,0,0
1517,1,0,1,1,0,1,0,0
1518,0,1,1,1,1,1,1,0
1519,0,1,1,1,1,0,1,0
1520,1,1,1,0,1,1,1,0
1521,1,1,1,0,1,1,1,1
1522,1,1,1,0,1,1,1,1
1523,1,1,1,1,1,0,1,1
1524,1,0,1,1,1,0,0,1
1525,0,0,1,1,0,0,0,0
1526,0,0,1,1,0,0,1,0
1527,1,1,1,0,1,1,1,1
1528,1,1,1,1,1,1,1,1
1529,0,1,1,1,1,1,1,1
1530,1,1,1,0,1,1,1,1
1531,0,1,1,1,1,1,1,1
1532,0,1,1,0,1,1,1,1
1533,0,1,1,0,1,1,0,0
1534,0,1,0,1,1,0,1,0
1535,0,1,1,1,1,1,1,1
1536,1,1,1,0,1,0,1,1
1537,1,1,1,0,1,1,1,0
1538,1,1,1,1,1,1,0,1
1539,1,1,1,1,1,1,1,1
1540,0,1,1,1,1,1,0,0
1541,1,1,1,0,1,0,1,0
1542,0,1,1,1,1,1,1,0
1543,1,1,1,1,1,1,1,1
1544,0,1,1,1,1,1,0,1
1545,0,1,0,1,1,1,1,1
1546,1,1,1,1,1,1,1,1
1547,0,0,1,0,1,0,0,0
1548,0,1,0,1,1,1,1,0
1549,0,1,1,1,1,0,0,0
1550,0,1,1,0,1,1,0,0
1551,0,1,1,0,1,1,1,0
1552,1,1,1,1,1,1,1,1
1553,1,1,1,1,1,1,1,1
1554,1,1,1,1,0,0,1,0
1555,0,1,0,1,1,1,1,1
1556,0,1,1,1,1,1,0,1
1557,1,1,1,1,0,0,1,0
1558,0,1,1,1,0,0,1,0
1559,1,1,1,1,1,1,1,1
1560,1,1,1,1,1,1,1,1
1561,1,1,1,1,1,1,1,1
1562,0,1,0,1,1,1,1,0
1563,1,1,0,1,1,1,1,1
1564,1,1,1,1,1,1,1,1
1565,1,1,0,1,1,1,0,0
1566,0,1,1,0,1,1,1,1
1567,1,0,0,1,0,1,0,0
1568,0,1,0,0,1,1,1,0
1569,1,1,1,1,1,1,1,1
1570,0,0,0,0,0,0,0,0
1571,0,0,0,1,0,0,0,0
1572,1,1,0,0,1,0,1,1
1573,0,1,1,1,1,1,1,1
1574,1,0,0,0,0,0,0,1
1575,0,0,0,0,0,0,0,0
1576,0,0,0,1,1,0,0,0
1577,0,0,0,0,0,0,0,0
1578,1,0,0,1,0,0,0,1
1579,0,0,0,1,0,0,0,0
1580,0,0,0,0,0,0,0,0
1581,1,0,0,0,0,0,1,0
1582,0,1,1,1,0,0,0,0
1583,0,1,1,1,0,0,1,0
1584,1,0,1,1,0,0,1,0
1585,0,0,0,1,0,0,0,0
1586,0,0,0,1,1,0,0,0
1587,0,0,0,0,0,0,0,0
1588,0,0,1,1,1,1,0,1
1589,0,0,1,0,0,0,0,0
1590,0,0,0,0,0,1,1,0
1591,0,0,1,1,0,0,0,0
1592,1,0,0,0,1,1,0,1
1593,0,0,0,1,0,0,0,0
1594,0,0,1,0,0,0,0,1
1595,0,0,1,1,0,0,0,0
1596,0,0,0,1,0,0,0,0
1597,0,0,1,1,0,0,0,0
1598,0,0,0,0,0,0,0,0
1599,1,0,1,1,0,1,0,0
1600,1,0,1,0,0,1,0,0
1601,1,0,1,0,0,1,0,0
1602,0,0,1,1,0,0,0,0
1603,1,0,1,1,1,1,0,1
1604,0,1,1,1,1,0,1,0
1605,1,0,0,1,0,0,0,1
1606,0,0,1,1,0,0,0,0
1607,0,0,0,1,0,0,0,0
1608,0,1,1,1,1,0,1,1
1609,0,0,0,0,0,0,0,0
1610,0,0,1,0,0,0,0,0
1611,0,0,0,1,0,1,0,0
1612,1,0,1,1,0,0,0,0
1613,1,0,1,1,0,1,1,1
1614,1,0,1,0,0,0,1,0
1615,1,1,0,1,1,1,1,1
1616,0,0,1,1,0,0,0,0
1617,0,0,1,0,0,0,0,0
1618,0,0,0,0,0,0,0,0
1619,0,0,0,0,0,0,0,0
1620,1,0,1,1,0,0,0,0
1621,0,0,0,1,0,1,0,0
1622,0,0,0,0,0,0,0,0
1623,1,0,1,1,0,0,1,0
1624,0,0,0,1,0,0,0,0
1625,0,0,0,1,1,1,0,1
1626,0,0,1,0,0,1,1,0
1627,1,1,1,1,1,1,1,1
1628,0,0,1,1,0,0,0,0
1629,0,0,1,1,0,0,1,0
1630,1,0,0,0,0,0,0,0
1631,1,0,0,0,1,1,0,1
1632,0,0,0,1,0,0,0,0
1633,0,0,1,0,0,0,0,0
1634,0,0,0,1,0,0,0,0
1635,0,0,1,0,1,1,0,0
1636,0,0,0,1,0,0,0,0
1637,0,1,1,1,1,1,1,1
1638,0,1,1,1,0,0,1,1
1639,0,1,0,1,1,1,0,0
1640,1,0,0,1,0,0,0,0
1641,1,1,0,1,1,1,1,0
1642,0,1,1,1,0,0,0,0
1643,0,0,0,1,0,1,0,0
1644,0,1,1,0,1,1,1,0
1645,1,0,0,1,0,0,1,0
1646,0,0,1,1,1,1,0,0
1647,0,0,1,0,0,1,1,0
1648,1,0,1,1,1,1,0,1
1649,0,0,0,0,0,0,0,0
1650,0,1,1,1,1,1,1,1
1651,0,0,1,0,0,0,0,0
1652,0,0,1,0,0,0,0,0
1653,0,1,1,0,1,1,1,0
1654,0,1,1,1,1,1,1,1
1655,0,1,1,1,1,1,1,1
1656,0,0,1,1,0,0,0,0
1657,1,0,1,1,0,0,0,0
1658,0,0,0,0,0,0,1,0
1659,0,1,1,1,1,1,1,1
1660,0,1,0,1,1,1,1,0
1661,0,1,1,0,1,1,1,1
1662,0,1,1,1,1,1,0,0
1663,0,1,1,0,1,1,1,1
1664,0,1,1,1,1,1,0,1
1665,1,1,1,1,1,1,1,0
1666,0,0,1,1,0,0,0,0
1667,0,0,1,1,1,1,0,1
1668,0,1,0,1,1,1,0,0
1669,0,0,1,1,0,1,0,0
1670,1,1,1,1,1,1,1,0
1671,0,0,1,1,0,0,0,0
1672,0,0,1,1,0,1,1,0
1673,1,0,1,0,0,0,0,0
1674,0,0,1,1,0,1,1,0
1675,0,1,1,1,1,1,1,0
1676,1,0,1,1,0,1,0,1
1677,0,1,1,1,1,1,1,0
1678,0,1,0,0,1,1,1,0
1679,0,0,1,0,0,0,0,0
1680,0,1,0,1,1,1,0,0
1681,1,1,1,1,1,1,1,1
1682,1,1,1,0,1,1,1,0
1683,0,0,1,0,0,1,0,0
1684,0,0,1,1,0,0,0,0
1685,0,1,1,0,1,1,1,1
1686,0,0,1,1,0,1,0,1
1687,0,0,0,1,0,0,0,0
1688,0,1,1,0,1,1,0,1
1689,1,1,1,1,1,1,1,1
1690,1,1,1,0,0,1,0,0
1691,0,1,1,0,0,0,0,0
1692,0,0,1,1,0,0,0,0
1693,1,1,0,0,1,1,1,1
1694,0,1,1,1,1,1,1,1
1695,1,0,1,1,0,1,0,0
1696,1,1,0,1,1,1,1,1
1697,1,0,1,1,0,1,1,1
1698,0,1,1,1,1,1,1,1
1699,1,1,1,0,0,0,1,1
1700,1,1,1,0,1,1,1,1
1701,1,1,1,1,1,1,1,1
1702,0,0,1,1,0,0,0,0
1703,0,0,0,1,0,0,0,0
1704,0,1,1,0,0,0,1,0
1705,1,0,1,0,0,0,1,1
1706,0,0,0,0,0,0,0,0
1707,1,1,0,0,1,1,0,1
1708,0,0,1,1,0,0,0,0
1709,1,0,1,0,0,1,1,0
1710,1,1,1,1,1,1,1,1
1711,1,0,0,1,0,1,0,0
1712,1,1,1,1,1,1,1,1
1713,1,0,0,1,0,0,0,0
1714,0,0,0,1,0,0,0,0
1715,0,0,0,0,0,0,0,0
1716,0,0,0,1,0,0,0,0
1717,0,1,0,1,1,1,1,1
1718,0,1,1,0,1,1,0,1
1719,0,0,1,0,0,0,0,0
1720,0,0,0,1,0,0,0,0
1721,0,1,0,1,1,1,1,0
1722,0,1,1,1,0,0,1,0
1723,0,1,1,1,1,1,0,1
1724,0,0,0,1,0,0,1,0
1725,0,0,0,0,0,0,0,0
1726,1,0,1,1,0,0,0,1
1727,0,1,0,0,1,1,1,0
1728,0,0,1,1,0,0,0,0
1729,0,0,1,1,1,1,1,0
1730,1,0,1,0,0,0,1,1
1731,1,1,1,1,1,1,1,1
1732,1,0,1,0,1,1,0,1
1733,1,1,1,1,1,0,1,1
1734,0,1,1,1,0,1,1,1
1735,0,0,0,0,0,0,0,0
1736,1,0,1,1,1,1,0,1
1737,0,0,0,1,0,0,0,0
1738,0,1,1,1,1,1,1,1
1739,1,0,1,0,1,1,0,0
1740,0,0,1,1,0,0,0,0
1741,1,1,1,0,0,0,1,1
1742,0,0,0,1,0,0,0,0
1743,0,0,1,1,1,0,1,0
1744,1,1,1,0,1,1,1,1
1745,0,0,1,0,0,0,1,0
1746,0,0,1,1,0,0,0,0
1747,0,0,1,1,0,1,0,0
1748,0,1,1,1,1,1,1,1
1749,0,0,1,1,0,0,0,1
1750,0,0,1,1,0,0,0,0
1751,0,0,1,1,0,1,1,1
1752,0,0,1,0,0,0,0,0
1753,0,0,1,0,1,1,0,1
1754,1,0,1,0,0,0,0,0
1755,0,0,0,0,0,0,1,0
1756,0,0,1,1,0,0,0,0
1757,0,0,1,1,0,0,0,0
1758,0,0,1,0,1,0,0,0
1759,1,0,0,1,0,0,0,0
1760,0,0,0,1,0,0,0,0
1761,1,0,1,1,0,0,1,0
1762,1,0,1,0,1,1,0,1
1763,0,1,1,1,1,1,1,1
1764,1,0,0,1,1,1,0,1
1765,0,0,0,0,0,0,0,0
1766,0,0,1,0,0,0,0,0
1767,0,0,1,1,0,0,0,0
1768,0,0,1,1,0,0,0,0
1769,1,0,1,0,1,1,0,1
1770,0,0,1,1,1,1,1,1
1771,1,0,1,1,0,0,0,1
1772,0,0,1,0,0,0,0,0
1773,1,0,1,1,1,1,1,1
1774,0,0,1,0,0,0,0,0
1775,0,0,1,1,0,0,0,0
1776,1,0,0,0,1,1,1,1
1777,0,0,1,0,0,0,0,0
1778,0,1,1,1,1,1,1,1
1779,0,0,1,0,0,0,0,0
1780,0,0,0,1,0,0,0,0
1781,0,0,1,0,0,0,1,0
1782,1,0,1,0,0,0,0,1
1783,0,0,1,0,0,0,1,0
1784,1,1,1,1,0,0,0,0
1785,0,0,0,1,0,0,0,0
1786,0,0,1,0,0,0,0,0
1787,1,0,1,1,0,0,0,0
1788,0,0,1,0,0,0,0,0
1789,0,0,1,0,0,0,0,0
1790,0,0,1,0,0,0,0,0
1791,0,0,0,0,0,0,0,0
1792,0,1,1,0,1,1,1,1
1793,0,0,1,1,0,0,0,0
1794,1,1,1,1,0,1,1,0
1795,1,0,1,1,0,0,0,0
1796,0,1,1,1,0,1,1,1
1797,0,0,1,0,0,0,0,0
1798,0,0,1,0,0,0,0,0
1799,0,1,1,0,1,1,1,1
1800,1,1,1,0,1,1,1,1
1801,0,0,1,1,0,0,0,0
1802,0,1,1,1,1,1,1,1
1803,0,1,1,0,1,1,0,0
1804,0,0,1,0,0,0,0,0
1805,0,1,1,0,1,0,1,1
1806,0,1,1,0,1,1,1,1
1807,0,0,1,1,0,1,1,1
1808,0,0,1,1,0,0,0,0
1809,0,0,1,0,0,0,0,0
1810,1,0,1,0,0,0,1,0
1811,0,1,1,1,1,1,1,1
1812,0,1,1,0,1,1,1,1
1813,1,0,1,1,0,0,0,0
1814,1,1,1,1,1,1,1,1
1815,1,1,1,1,1,1,1,1
1816,1,1,1,1,1,1,1,1
1817,1,0,0,1,0,0,0,0
1818,1,1,1,1,1,1,1,1
1819,1,1,1,1,1,1,1,1
1820,0,1,1,1,1,1,1,1
1821,0,0,1,1,1,1,1,0
1822,0,1,1,1,1,1,1,1
1823,0,0,1,1,0,0,0,0
1824,0,1,1,0,1,1,1,1
1825,0,1,1,1,1,1,1,1
1826,0,1,1,0,1,1,1,1
1827,0,1,1,1,1,1,1,1
1828,1,1,1,1,0,0,1,1
1829,0,0,1,1,0,0,0,0
1830,0,1,0,0,1,1,1,0
1831,1,1,1,0,1,1,1,1
1832,1,1,0,1,1,1,1,0
1833,0,0,1,1,0,0,1,0
1834,0,0,0,0,0,0,1,0
1835,1,1,1,0,1,1,1,1
1836,1,1,1,1,1,1,1,1
1837,0,0,1,0,0,0,0,0
1838,0,1,1,1,1,1,1,1
1839,0,1,1,1,1,1,0,1
1840,0,1,1,1,1,1,1,1
1841,1,1,1,1,1,1,1,1
1842,0,0,1,0,0,0,0,0
1843,0,1,1,0,1,1,1,1
1844,0,1,1,0,1,1,1,1
1845,1,1,1,1,1,1,1,1
1846,0,1,1,1,1,1,0,1
1847,0,0,1,1,0,1,0,0
1848,0,1,1,1,1,1,1,1
1849,1,0,1,1,0,0,0,0
1850,0,0,1,1,0,0,0,0
1851,0,1,0,1,1,1,1,1
1852,0,1,1,1,1,1,1,1
1853,0,1,1,1,1,1,1,1
1854,0,1,1,1,1,0,0,0
1855,0,1,1,1,1,1,1,1
1856,1,1,1,0,1,1,1,1
1857,1,1,1,1,0,0,0,0
1858,1,1,1,1,1,1,0,0
1859,0,1,1,1,1,1,1,1
1860,0,1,1,1,1,1,1,1
1861,1,1,1,0,0,0,1,1
1862,1,1,1,1,1,1,1,1
1863,0,1,1,1,1,1,1,1
1864,0,1,1,1,1,1,1,1
1865,0,1,1,1,1,1,1,1
1866,0,0,1,1,0,0,0,0
1867,1,1,1,1,1,1,1,1
1868,0,1,1,0,1,1,0,0
1869,1,0,0,0,0,0,0,0
1870,1,1,1,1,1,0,1,1
1871,1,1,1,0,1,1,1,1
1872,1,0,1,0,0,1,1,1
1873,0,0,1,1,0,0,0,0
1874,0,0,0,1,0,0,0,0
1875,0,0,1,1,0,0,1,0
1876,1,1,1,0,1,1,1,1
1877,1,1,1,0,1,1,1,1
1878,0,0,1,0,0,1,0,0
1879,1,1,1,1,1,1,1,1
1880,0,1,1,0,1,1,1,1
1881,0,1,1,0,1,1,1,1
1882,1,0,1,0,0,0,0,0
1883,0,1,1,0,1,1,1,1
1884,0,1,1,1,1,1,1,1
1885,0,1,1,1,1,1,1,1
1886,0,0,1,0,1,1,1,0
1887,1,1,1,0,1,1,1,1
1888,1,0,1,0,0,0,0,0
1889,1,1,1,0,1,1,1,1
1890,0,1,1,1,1,1,1,1
1891,1,1,1,1,1,1,1,1
1892,1,1,1,0,1,1,1,1
1893,1,1,1,0,0,0,1,1
1894,0,0,1,1,0,0,0,0
1895,0,1,1,0,1,1,1,0
1896,1,1,1,0,1,1,1,1
1897,1,1,0,1,1,1,1,0
1898,0,0,1,1,0,0,1,0
1899,1,0,0,1,0,0,1,0
1900,1,1,1,1,1,1,1,1
1901,0,1,1,0,1,1,1,1
1902,0,0,0,1,0,0,0,0
1903,1,1,1,1,1,1,1,1
1904,1,1,1,0,1,1,0,1
1905,1,1,1,0,1,1,1,1
1906,0,1,1,0,1,1,1,1
1907,0,0,1,0,0,0,0,0
1908,1,1,1,0,1,1,1,1
1909,1,1,1,1,1,1,1,1
1910,1,1,1,0,1,1,1,1
1911,0,1,1,0,1,1,0,1
1912,0,0,1,0,0,1,0,0
1913,1,1,1,1,1,1,1,1
1914,1,0,1,0,0,0,0,0
1915,0,0,1,1,0,0,0,0
1916,0,1,1,1,1,1,1,1
1917,0,1,1,1,1,1,1,1
1918,1,1,1,0,1,1,1,1
1919,0,1,1,1,0,0,0,0
1920,1,1,1,1,1,1,1,1
1921,1,1,1,1,1,1,1,1
1922,1,1,1,1,0,0,0,0
1923,1,1,1,0,1,1,0,0
1924,1,1,1,1,1,1,1,1
1925,1,1,1,0,1,1,1,1
1926,0,1,1,0,0,0,1,1
1927,1,1,0,0,1,1,1,1
1928,1,1,1,1,1,1,1,1
1929,0,0,1,0,0,0,0,0
1930,1,0,1,1,0,0,0,0
1931,1,0,1,1,0,0,0,0
1932,1,0,0,1,0,0,0,0
1933,1,0,1,0,0,0,1,0
1934,0,0,0,1,0,0,0,0
1935,0,0,1,1,0,0,0,0
1936,0,0,1,1,0,0,0,0
1937,1,1,1,1,1,1,1,1
1938,1,1,1,1,0,0,1,0
1939,0,0,1,1,0,0,0,0
1940,0,0,1,0,0,1,1,0
1941,0,0,1,0,0,0,0,0
1942,0,0,1,1,0,0,1,1
1943,0,0,1,0,0,0,0,0
1944,0,0,1,1,0,0,0,0
1945,0,0,1,1,0,0,0,0
1946,0,0,1,0,0,0,0,0
1947,0,1,1,1,1,1,1,1
1948,1,0,1,0,0,0,0,0
1949,1,1,1,1,1,1,1,1
1950,0,0,1,1,0,0,0,0
1951,0,1,0,0,1,1,1,1
1952,0,0,1,1,0,0,0,0
1953,0,0,1,0,0,0,0,0
1954,0,0,0,1,0,0,0,0
1955,0,0,0,1,0,0,0,0
1956,0,0,1,1,0,0,0,0
1957,1,0,1,0,0,1,1,0
1958,0,0,0,1,0,0,0,0
1959,0,0,1,1,0,1,1,0
1960,0,0,1,1,0,0,0,0
1961,1,0,1,0,0,0,0,0
1962,0,0,1,1,0,0,1,0
1963,0,0,1,1,0,0,0,0
1964,0,0,1,1,0,0,0,0
1965,1,0,1,0,1,1,0,1
1966,1,0,1,1,0,0,0,0
1967,0,0,1,0,0,0,1,0
1968,0,0,1,0,0,0,0,0
1969,0,0,1,0,0,0,1,0
1970,0,0,1,1,0,0,1,0
1971,1,0,1,0,0,0,0,0
1972,1,0,1,1,0,0,0,0
1973,1,0,1,0,0,0,0,1
1974,1,0,0,0,0,0,0,0
1975,0,1,1,0,1,1,1,1
1976,0,0,1,0,0,0,0,0
1977,1,0,1,1,0,0,0,0
1978,0,0,1,0,0,0,0,0
1979,0,0,1,0,0,0,1,0
1980,0,0,1,1,0,0,0,0
1981,1,0,1,1,0,0,0,0
1982,0,0,1,1,0,0,0,0
1983,0,1,1,0,0,0,0,0
1984,1,1,1,1,1,1,1,1
1985,1,1,1,0,1,1,1,1
1986,0,1,1,1,0,0,1,0
1987,1,1,1,1,0,1,1,0
1988,0,1,1,1,1,1,1,1
1989,1,0,1,1,0,0,0,0
1990,1,1,1,1,1,0,1,1
1991,1,1,1,1,1,1,1,1
1992,0,1,1,0,1,1,1,1
1993,0,0,0,0,0,0,0,0
1994,1,1,1,1,1,1,1,1
1995,1,1,1,0,1,1,0,1
1996,0,1,1,1,0,0,1,0
1997,0,1,1,1,1,1,1,1
1998,1,1,1,1,1,1,1,1
1999,1,0,1,1,1,1,0,1
2000,0,1,1,1,1,1,1,1
2001,0,1,1,1,1,0,1,1
2002,1,1,1,1,1,1,0,1
2003,1,1,1,1,1,1,1,1
2004,0,0,1,0,0,0,1,0
2005,1,1,1,0,1,1,1,0
2006,0,0,1,0,0,0,0,0
2007,0,0,1,0,0,1,1,1
2008,0,0,1,0,0,0,0,0
2009,1,1,1,1,0,0,1,0
2010,1,1,1,1,1,1,1,1
2011,1,1,1,0,1,1,1,1
2012,0,0,1,1,0,0,0,0
2013,1,1,1,0,1,1,1,1
2014,0,1,1,1,1,0,1,1
2015,0,1,1,1,1,1,1,1
2016,1,1,1,1,1,1,1,0
2017,1,0,1,1,0,0,0,0
2018,0,0,1,1,0,0,1,0
2019,0,0,1,1,0,0,0,0
2020,0,0,1,0,0,0,0,0
2021,0,0,1,0,0,0,0,0
2022,0,0,1,1,0,0,0,0
2023,0,0,1,0,0,0,0,0
2024,1,0,1,0,0,0,1,0
2025,0,0,1,1,0,0,1,0
2026,0,0,1,1,0,0,1,0
2027,0,0,1,1,0,0,0,0
2028,0,0,1,1,0,0,0,0
2029,0,0,1,1,0,0,0,0
2030,0,0,1,1,0,0,0,0
2031,1,1,1,1,0,1,1,1
2032,1,0,1,1,0,1,0,0
2033,0,0,1,1,0,0,0,0
2034,0,0,1,1,0,0,0,0
2035,0,0,1,1,0,0,0,0
2036,1,0,1,1,0,1,0,0
2037,0,0,0,1,0,0,0,0
2038,1,0,1,0,0,0,0,1
2039,1,0,1,1,0,0,1,0
2040,1,0,1,1,0,0,0,0
2041,1,1,1,0,0,1,1,1
2042,0,0,1,1,0,0,0,0
2043,0,0,0,1,0,0,0,0
2044,0,0,1,0,0,0,0,0
2045,1,0,1,0,0,0,0,1
2046,1,0,1,1,0,0,0,0
2047,0,0,1,0,0,0,0,0
2048,0,0,1,1,0,0,0,1
2049,1,0,0,1,0,0,0,0
2050,0,0,0,0,0,0,0,0
2051,1,1,1,1,0,0,1,1
2052,0,1,1,0,1,1,1,1
2053,1,0,1,1,0,0,0,1
2054,0,0,0,0,0,0,0,0
2055,0,0,0,1,0,0,0,0
2056,0,0,0,1,0,0,0,0
2057,0,1,1,1,1,0,1,0
2058,1,1,0,1,1,1,1,1
2059,0,0,0,0,0,0,0,0
2060,0,0,0,1,0,0,0,0
2061,0,0,0,1,0,0,0,0
2062,1,0,0,1,0,0,0,0
2063,0,0,0,1,0,0,0,0
2064,0,1,0,1,1,1,1,1
2065,1,1,0,0,1,1,1,1
2066,0,0,0,1,0,0,0,0
2067,0,1,1,1,1,1,1,1
2068,0,0,0,1,0,0,0,0
2069,0,0,0,1,0,1,0,0
2070,1,0,1,0,0,1,1,1
2071,0,0,1,0,1,0,1,1
2072,0,1,1,1,1,1,1,1
2073,0,0,0,1,1,1,0,1
2074,0,1,1,1,0,0,0,1
2075,0,1,1,1,1,1,1,1
2076,1,1,0,1,1,1,1,1
2077,1,1,1,0,1,1,1,0
2078,0,0,1,1,0,0,0,0
2079,0,0,1,1,0,0,0,0
2080,0,1,1,1,1,1,1,1
2081,0,0,0,1,0,0,0,0
2082,0,1,0,1,0,0,0,0
2083,1,0,1,1,0,0,0,0
2084,0,0,0,1,0,0,0,0
2085,1,1,1,0,1,1,1,1
2086,1,1,1,1,1,1,1,1
2087,1,1,0,1,1,1,1,1
2088,1,0,1,1,0,0,0,0
2089,1,1,0,0,1,1,1,0
2090,1,0,0,1,0,0,0,0
2091,1,1,1,1,1,0,1,1
2092,0,1,1,1,1,1,1,1
2093,0,1,1,0,1,1,1,1
2094,1,1,0,0,1,1,1,0
2095,1,1,1,1,1,1,1,1
2096,0,0,1,0,0,0,0,0
2097,1,1,1,1,1,0,1,1
2098,0,1,1,0,1,1,1,1
2099,1,1,0,1,1,1,0,0
2100,1,1,1,1,1,1,0,1
2101,1,1,1,0,1,1,1,1
2102,0,1,0,1,1,1,1,1
2103,1,1,1,1,1,1,1,1
2104,1,1,0,1,1,1,1,0
2105,0,1,1,0,1,1,1,1
2106,0,1,1,1,1,0,1,1
2107,0,1,1,0,1,1,1,1
2108,1,1,1,1,1,1,1,1
2109,1,1,0,1,1,1,1,1
2110,1,1,1,1,1,1,1,1
2111,1,1,1,0,1,1,1,1
2112,1,1,0,0,0,0,1,0
2113,0,1,0,0,1,1,1,0
2114,0,1,0,1,0,0,1,0
2115,0,1,1,0,1,1,1,1
2116,0,1,1,1,1,1,1,0
2117,1,1,1,0,1,1,1,0
2118,0,1,0,1,0,0,1,0
2119,1,1,1,0,1,1,1,1
2120,0,1,1,1,1,1,1,1
2121,0,1,1,0,1,0,0,0
2122,0,1,1,1,1,0,1,1
2123,1,1,1,1,1,1,1,1
2124,1,0,1,0,1,0,0,1
2125,1,1,1,1,1,1,1,1
2126,1,1,1,1,1,1,1,1
2127,0,0,1,0,0,0,1,0
2128,1,1,1,1,1,1,1,1
2129,0,1,1,0,1,1,1,1
2130,0,0,0,1,0,0,0,0
2131,1,1,1,0,1,1,1,1
2132,0,0,0,1,0,0,1,0
2133,1,1,1,1,1,0,1,1
2134,0,1,1,0,1,1,1,1
2135,1,1,1,1,1,1,1,1
2136,0,0,1,1,0,0,0,0
2137,0,1,1,1,0,0,1,0
2138,1,1,1,1,1,1,1,0
2139,0,1,1,0,1,1,1,0
2140,1,1,1,1,1,1,1,1
2141,1,1,1,1,0,0,0,1
2142,0,0,1,0,0,0,0,0
2143,0,1,1,1,1,0,1,1
2144,0,1,1,1,1,1,1,1
2145,0,1,1,0,1,0,1,1
2146,0,1,1,1,0,0,1,0
2147,0,1,1,1,1,1,1,0
2148,1,0,1,0,0,0,1,1
2149,1,0,0,1,0,1,1,1
2150,0,0,1,1,0,0,0,0
2151,0,0,1,1,0,0,0,0
2152,0,0,1,1,0,0,0,0
2153,1,0,0,0,0,0,1,1
2154,0,0,1,0,0,0,0,0
2155,0,0,1,0,0,0,0,0
2156,1,1,1,0,0,0,0,0
2157,1,1,0,1,0,0,0,0
2158,0,0,1,0,0,0,0,1
2159,0,0,1,1,0,0,0,0
2160,0,0,0,1,0,0,0,0
2161,0,0,1,1,0,0,0,0
2162,0,0,1,1,0,0,0,1
2163,0,0,1,1,0,0,0,0
2164,0,0,1,1,0,0,0,0
2165,0,1,0,1,0,0,1,0
2166,1,0,1,1,0,0,0,1
2167,0,0,0,1,0,0,0,0
2168,0,0,1,0,0,0,0,0
2169,0,0,1,1,0,0,0,0
2170,0,0,1,0,0,0,0,0
2171,0,0,1,1,1,0,0,0
2172,1,0,1,1,0,0,0,0
2173,0,0,1,1,0,0,0,0
2174,0,0,1,1,0,0,0,0
2175,0,1,1,1,1,1,1,1
2176,0,1,1,1,1,1,1,1
2177,1,1,1,1,1,1,0,1
2178,0,1,0,1,1,1,1,1
2179,1,1,1,0,1,1,1,1
2180,1,1,1,1,1,1,1,1
2181,0,0,1,1,0,0,0,0
2182,0,1,1,1,1,1,1,1
2183,1,1,1,1,1,1,1,1
2184,0,1,0,1,1,1,1,1
2185,0,1,1,1,1,1,1,1
2186,0,1,1,0,1,1,1,1
2187,1,1,1,0,1,1,1,1
2188,1,1,1,1,1,1,1,1
2189,0,1,0,1,1,1,1,0
2190,0,1,1,1,1,1,1,1
2191,1,1,0,0,1,1,1,1
2192,1,1,0,0,1,1,1,1
2193,0,1,0,1,1,1,0,0
2194,1,1,0,1,1,1,0,0
2195,0,1,1,1,1,1,1,1
2196,1,1,1,1,1,1,1,1
2197,0,0,0,1,0,1,0,0
2198,0,0,1,0,0,0,0,0
2199,1,1,0,1,1,1,1,1
2200,0,0,0,1,1,1,0,0
2201,0,0,1,1,0,0,0,0
2202,0,1,0,1,1,1,1,0
2203,0,1,1,0,1,1,1,1
2204,0,1,1,1,1,1,0,1
2205,1,1,1,0,1,1,1,1
2206,0,0,1,1,1,0,0,0
2207,0,1,1,0,1,1,0,0
2208,1,1,1,0,1,1,1,1
2209,1,1,1,1,1,1,1,1
2210,0,1,1,0,1,1,1,1
2211,0,0,1,0,1,1,1,1
2212,0,1,1,1,1,1,0,0
2213,1,1,1,0,1,1,1,0
2214,1,1,1,0,1,1,1,1
2215,0,1,1,1,1,1,1,0
2216,1,1,1,1,1,1,1,0
2217,1,1,1,1,1,1,0,0
2218,1,1,0,1,1,1,0,1
2219,1,1,1,0,1,1,1,1
2220,1,1,1,1,1,1,1,1
2221,0,0,0,1,0,0,0,0
2222,1,1,1,1,1,1,1,1
2223,1,1,1,0,1,1,1,1
2224,0,1,0,1,1,1,1,0
2225,1,1,1,0,1,1,1,1
2226,0,1,1,1,1,1,1,1
2227,0,1,1,0,1,1,0,1
2228,0,1,1,1,1,1,0,1
2229,1,1,1,1,1,1,1,1
2230,1,1,1,1,1,1,1,1
2231,0,1,1,0,1,1,0,0
2232,0,0,1,0,0,0,0,0
2233,0,1,1,1,1,1,1,1
2234,0,0,0,0,1,1,1,0
2235,1,1,1,0,1,1,1,1
2236,0,1,1,0,1,0,0,0
2237,0,1,0,0,1,1,1,0
2238,1,0,1,1,0,0,0,0
2239,0,0,1,0,0,0,1,0
2240,0,0,1,0,0,0,0,0
2241,0,0,1,1,0,0,0,0
2242,0,0,1,0,0,0,0,0
2243,0,0,1,1,0,0,0,0
2244,0,0,1,0,0,0,0,0
2245,0,0,1,1,0,0,1,0
2246,0,0,0,0,0,0,1,0
2247,0,0,1,1,0,0,1,0
2248,1,0,1,1,0,0,0,0
2249,0,0,1,0,0,0,0,0
2250,0,0,1,1,0,0,0,0
2251,0,0,1,1,0,0,0,0
2252,1,1,1,1,0,1,1,1
2253,1,0,1,0,0,1,0,0
2254,0,0,1,1,0,0,0,0
2255,0,0,1,1,0,0,0,0
2256,0,0,1,1,0,0,0,0
2257,1,0,1,1,0,1,0,0
2258,1,0,0,0,0,0,0,0
2259,1,0,1,0,0,0,0,1
2260,0,0,1,1,0,0,1,0
2261,1,0,1,0,0,0,0,0
2262,0,1,1,1,0,1,1,1
2263,1,0,1,1,0,0,0,0
2264,0,0,1,0,0,0,0,0
2265,0,1,1,0,0,1,1,1
2266,0,1,1,1,0,0,0,0
2267,1,1,1,0,1,1,1,1
2268,0,0,1,1,0,0,1,0
2269,0,0,0,1,0,0,0,0
2270,0,0,0,0,0,0,1,0
2271,0,1,0,1,0,0,0,0
2272,1,1,1,1,1,1,1,0
2273,1,1,1,0,0,1,1,1
2274,0,0,1,0,0,0,0,0
2275,0,1,1,1,1,1,0,0
2276,0,1,1,0,0,1,1,0
2277,1,1,0,0,0,0,1,0
2278,1,0,1,0,0,0,0,0
2279,0,0,0,0,0,0,0,0
2280,0,1,0,1,1,1,1,0
2281,0,1,1,0,1,1,1,0
2282,0,1,1,1,1,1,1,1
2283,0,0,0,1,0,0,0,0
2284,0,1,1,1,1,1,1,1
2285,0,1,1,0,1,1,1,1
2286,0,0,0,1,0,0,0,0
2287,0,1,1,1,0,0,0,0
2288,0,1,1,0,1,1,1,1
2289,0,1,1,0,1,1,1,1
2290,0,1,1,1,0,0,1,0
2291,0,1,0,0,0,1,1,0
2292,1,1,1,1,1,1,1,1
2293,0,0,0,0,0,0,0,0
2294,1,1,1,1,1,0,1,1
2295,1,1,1,0,1,1,1,1
2296,0,1,1,1,1,1,1,1
2297,0,0,1,1,0,0,0,0
2298,0,1,1,0,1,1,1,1
2299,0,1,1,0,1,1,0,1
2300,0,1,0,1,0,0,1,0
2301,1,1,1,0,1,1,1,1
2302,1,1,1,1,1,1,1,1
2303,0,0,1,0,1,1,0,1
2304,0,1,1,1,1,1,1,1
2305,0,1,1,1,1,0,1,1
2306,0,1,1,1,1,1,0,1
2307,0,1,1,0,1,1,1,1
2308,1,0,0,1,0,0,1,0
2309,0,1,1,1,1,1,1,0
2310,1,0,0,1,0,0,0,0
2311,0,0,1,1,0,1,1,1
2312,0,0,1,1,0,0,0,0
2313,0,1,1,1,0,0,1,0
2314,0,1,1,1,1,0,1,1
2315,1,1,1,1,1,1,1,1
2316,0,0,1,1,0,0,0,0
2317,1,1,1,1,1,1,1,1
2318,0,1,1,1,1,0,1,1
2319,0,1,1,1,1,1,1,1
2320,1,1,1,0,1,1,1,0
2321,0,0,1,1,0,0,0,0
2322,0,0,1,1,0,0,0,0
2323,0,0,0,1,0,0,0,0
2324,1,0,0,0,0,0,0,0
2325,0,0,1,0,0,0,1,0
2326,0,0,1,1,0,0,0,0
2327,0,0,1,0,0,0,0,0
2328,0,0,1,1,0,0,0,0
2329,1,1,1,1,1,1,1,1
2330,0,1,1,1,0,0,1,0
2331,0,0,1,1,0,0,0,0
2332,0,0,1,1,0,1,1,0
2333,0,0,1,1,0,0,0,0
2334,0,0,1,1,0,0,1,1
2335,0,0,1,0,0,0,0,0
2336,0,0,1,0,0,0,0,0
2337,0,0,1,0,0,0,0,0
2338,0,0,1,0,0,0,0,0
2339,0,1,1,0,1,1,1,1
2340,1,0,1,1,0,0,0,0
2341,1,1,1,0,1,1,1,1
2342,0,0,0,1,0,1,0,0
2343,0,1,1,1,1,1,1,1
2344,0,0,1,0,0,0,0,0
2345,0,0,1,0,0,0,0,0
2346,0,0,0,1,0,0,0,0
2347,1,0,1,1,0,0,0,0
2348,0,0,1,1,0,0,0,0
2349,0,0,1,1,0,1,1,0
2350,0,0,0,0,0,0,0,0
2351,0,0,1,0,0,1,1,0
2352,1,0,1,0,0,0,0,0
2353,0,0,1,0,0,0,0,0
2354,0,0,1,1,0,0,1,0
2355,1,0,1,1,0,0,0,0
2356,0,0,0,0,0,0,0,0
2357,0,0,1,0,1,1,0,1
2358,0,0,0,1,0,0,0,0
2359,0,0,1,1,0,0,1,0
2360,0,0,0,0,0,0,0,0
2361,1,0,0,0,0,0,1,0
2362,1,0,1,0,0,0,1,0
2363,0,0,0,1,0,0,0,0
2364,1,0,0,0,0,0,0,0
2365,1,0,1,1,0,0,0,1
2366,0,0,1,0,0,0,0,0
2367,1,1,0,1,1,1,1,1
2368,0,0,0,0,0,0,0,0
2369,1,0,1,1,0,0,0,0
2370,0,0,0,0,0,0,0,0
2371,0,0,1,1,0,0,1,0
2372,0,0,0,0,0,0,0,0
2373,0,0,0,0,0,0,0,0
2374,1,0,1,0,0,0,0,0
2375,1,1,1,1,1,1,1,1
2376,0,0,0,1,0,1,0,1
2377,0,0,0,1,0,0,0,0
2378,1,1,0,1,1,1,0,1
2379,1,1,1,0,1,1,1,1
2380,0,1,0,0,0,1,0,0
2381,1,1,1,1,0,0,0,0
2382,1,0,0,1,0,0,0,0
2383,0,1,1,0,1,1,1,1
2384,0,1,1,1,1,1,1,1
2385,1,0,0,1,0,1,0,0
2386,0,1,0,0,1,1,1,1
2387,0,0,1,1,0,1,1,1
2388,1,1,0,0,1,1,1,1
2389,1,1,0,1,0,0,1,1
2390,0,1,0,1,1,1,1,1
2391,1,1,1,0,1,1,1,1
2392,0,0,1,1,0,0,0,0
2393,0,0,0,1,0,0,0,0
2394,1,1,0,0,0,0,1,0
2395,0,0,0,1,0,0,1,1
2396,0,0,0,0,0,0,0,0
2397,0,1,0,1,1,1,0,1
2398,1,0,0,1,0,0,0,0
2399,0,0,1,0,0,1,1,0
2400,1,1,0,1,1,1,1,1
2401,1,0,0,1,0,1,0,0
2402,0,1,0,1,1,1,1,1
2403,1,0,0,0,0,0,0,1
2404,0,0,1,0,0,0,0,0
2405,0,0,0,1,0,0,0,0
2406,0,0,1,1,0,0,0,0
2407,1,1,1,0,1,1,0,0
2408,0,0,0,0,0,0,0,0
2409,0,0,1,0,0,0,1,0
2410,1,1,0,1,1,0,0,0
2411,0,0,1,0,0,0,1,1
2412,0,0,0,1,0,0,0,0
2413,0,0,0,0,0,0,0,0
2414,0,0,1,1,0,1,1,1
2415,0,1,0,1,0,0,1,1
2416,0,0,0,0,1,0,0,1
2417,1,0,0,1,0,0,0,0
2418,0,0,0,0,0,0,0,0
2419,0,0,1,0,0,0,0,0
2420,0,0,0,0,0,1,0,0
2421,0,0,1,1,0,0,0,0
2422,0,0,1,1,0,0,1,0
2423,0,0,0,1,0,0,0,0
2424,0,0,0,0,0,0,0,0
2425,0,0,0,1,0,0,0,0
2426,0,0,1,1,0,0,0,0
2427,1,0,0,0,1,1,1,1
2428,0,0,0,0,0,0,0,0
2429,0,0,0,1,1,1,0,1
2430,0,1,1,1,1,1,0,0
2431,0,0,0,1,0,0,0,0
2432,0,0,1,1,0,1,0,0
2433,0,0,0,0,0,0,0,0
2434,1,0,1,0,0,1,1,0
2435,0,0,0,1,0,0,0,0
2436,0,0,0,1,0,0,0,0
2437,0,0,1,0,0,1,0,0
2438,0,0,0,1,0,0,0,0
2439,1,0,0,0,1,1,0,1
2440,0,0,0,1,1,1,1,0
2441,0,0,1,1,1,1,0,0
2442,0,0,1,0,0,1,0,0
2443,1,1,0,0,0,0,0,1
2444,0,0,0,1,0,0,1,0
2445,0,0,1,0,0,0,0,0
2446,1,1,0,1,0,1,1,0
2447,0,1,0,1,0,0,1,0
2448,0,0,0,1,0,0,0,0
2449,0,0,0,1,0,0,0,0
2450,0,0,1,1,0,0,0,0
2451,0,0,0,1,0,0,0,0
2452,0,0,0,1,0,0,0,0
2453,1,1,1,1,0,0,1,1
2454,0,0,0,0,0,0,0,0
2455,0,0,0,1,0,0,0,0
2456,0,0,0,1,0,0,0,0
2457,1,0,0,1,1,1,0,1
2458,1,0,0,1,0,0,0,0
2459,0,0,1,0,0,0,0,0
2460,1,0,1,1,0,0,0,0
2461,0,0,1,1,0,0,0,0
2462,0,0,1,0,0,0,0,0
2463,0,0,1,0,0,0,1,0
2464,0,0,0,0,0,0,0,0
2465,1,0,0,1,0,0,0,1
2466,1,0,1,0,0,0,0,0
2467,0,0,0,0,0,0,0,0
2468,0,0,1,1,0,0,0,0
2469,0,1,1,1,1,0,1,0
2470,0,1,0,0,0,0,1,0
2471,0,0,1,1,0,0,0,0
2472,1,1,0,0,1,1,1,1
2473,0,0,0,1,0,0,0,0
2474,0,0,0,1,0,0,0,0
2475,0,0,0,0,0,0,0,0
2476,0,0,0,1,0,0,0,0
2477,0,0,0,0,0,0,1,0
2478,1,0,0,1,0,0,0,0
2479,0,0,0,1,0,0,1,0
2480,1,1,1,1,1,1,1,1
2481,0,1,1,0,0,0,1,0
2482,0,1,0,0,1,1,0,0
2483,0,1,0,0,1,1,1,0
2484,1,1,0,1,1,1,1,1
2485,0,1,1,0,1,1,1,0
2486,0,1,1,1,1,1,0,0
2487,0,0,0,1,0,0,0,0
2488,1,1,0,1,1,1,1,0
2489,1,0,0,0,0,0,0,0
2490,0,1,1,1,1,1,1,0
2491,0,1,0,0,1,1,1,0
2492,0,1,1,1,1,1,1,1
2493,0,0,1,1,0,0,0,0
2494,1,1,1,1,1,1,1,1
2495,0,1,1,1,1,1,1,0
2496,0,0,0,1,0,1,0,0
2497,1,1,1,0,1,1,1,0
2498,1,1,0,1,1,1,1,0
2499,0,1,0,1,1,0,0,0
2500,0,0,1,0,0,0,0,0
2501,0,0,1,1,0,0,0,1
2502,0,0,0,0,0,0,0,0
2503,0,1,1,1,1,1,1,1
2504,0,1,0,1,0,0,0,0
2505,0,0,1,1,0,0,0,0
2506,0,0,0,0,0,0,0,0
2507,1,1,1,1,0,0,1,0
2508,0,1,1,1,1,1,0,0
2509,0,1,1,1,1,1,1,0
2510,0,0,0,1,0,0,0,0
2511,0,0,0,1,0,0,0,0
2512,0,1,0,0,1,1,1,1
2513,0,1,0,1,0,0,1,0
2514,0,1,1,1,0,0,1,0
2515,0,0,0,1,0,0,1,1
2516,1,1,0,1,0,1,1,0
2517,1,1,0,1,1,1,1,1
2518,0,1,0,1,1,1,1,1
2519,0,1,1,1,1,1,1,1
2520,0,1,0,0,1,0,0,0
2521,0,1,0,1,1,1,1,1
2522,0,1,0,0,1,1,0,0
2523,0,1,0,1,1,1,1,1
2524,0,0,1,1,0,1,1,0
2525,0,0,1,1,0,0,0,0
2526,0,0,1,1,0,0,0,0
2527,0,1,0,1,1,1,1,1
2528,0,0,1,0,0,1,0,1
2529,0,0,0,1,0,0,0,0
2530,1,1,0,1,0,0,1,0
2531,0,0,1,0,0,0,0,0
2532,1,0,0,1,0,0,0,0
2533,0,0,1,1,0,0,0,0
2534,0,0,1,1,0,0,0,0
2535,1,0,0,0,0,1,0,1
2536,0,0,1,1,1,1,0,0
2537,0,0,0,0,0,0,0,0
2538,0,0,0,0,0,0,0,0
2539,0,0,0,0,0,0,0,0
2540,1,0,0,1,0,1,0,1
2541,1,1,1,1,1,1,1,1
2542,0,0,0,0,0,0,0,0
2543,1,0,1,0,0,1,0,0
2544,0,0,0,0,0,0,0,0
2545,1,0,0,1,1,0,0,0
2546,0,0,0,1,0,0,0,0
2547,1,0,1,0,0,0,1,1
2548,0,1,0,0,1,1,1,0
2549,0,0,0,1,0,0,0,0
2550,0,1,0,1,1,1,1,1
2551,1,0,0,1,1,1,1,1
2552,1,0,1,1,1,1,1,1
2553,0,0,1,1,0,0,0,0
2554,1,0,0,1,0,0,0,0
2555,0,0,0,1,1,1,0,0
2556,0,0,1,1,1,1,0,1
2557,0,0,0,0,0,0,1,0
2558,0,0,1,1,0,0,0,0
2559,0,0,1,0,0,0,0,0
2560,1,0,1,1,1,1,1,1
2561,0,0,0,0,0,1,0,1
2562,0,0,1,0,0,1,0,0
2563,0,0,0,0,0,0,0,0
2564,0,0,0,1,0,0,0,0
2565,0,0,1,1,1,0,0,1
2566,0,1,1,1,0,0,1,0
2567,0,0,1,1,0,0,0,0
2568,0,0,1,1,0,0,1,0
2569,0,0,0,0,0,0,0,0
2570,0,0,0,1,0,0,0,0
2571,1,0,1,0,0,0,0,0
2572,0,0,0,1,0,0,0,0
2573,0,0,0,0,0,0,0,0
2574,0,0,1,1,0,0,0,0
2575,0,1,0,0,1,0,1,0
2576,0,0,0,1,0,0,0,0
2577,0,0,0,1,0,0,0,0
2578,0,0,0,0,0,0,0,0
2579,0,0,1,1,0,0,1,1
2580,0,0,1,0,0,1,0,0
2581,1,1,0,0,0,1,1,1
2582,0,0,1,1,0,0,0,0
2583,1,1,0,0,1,1,1,1
2584,1,0,1,1,0,0,1,0
2585,0,0,1,1,0,0,0,0
2586,1,1,0,1,1,1,1,1
2587,0,1,1,0,1,1,0,0
2588,0,0,1,0,0,0,0,0
2589,1,1,1,0,0,0,1,0
2590,1,1,0,1,1,1,1,0
2591,0,0,0,0,0,0,1,0
2592,0,1,0,0,1,1,1,0
2593,0,1,0,1,1,1,0,0
2594,0,0,1,1,0,0,1,0
2595,1,0,1,1,0,1,1,0
2596,0,1,0,0,1,0,0,0
2597,1,1,1,1,1,1,1,0
2598,0,1,0,1,0,1,1,1
2599,0,1,1,0,1,1,0,0
2600,1,1,1,1,1,1,1,0
2601,1,0,1,1,0,0,0,0
2602,0,0,0,0,0,0,0,0
2603,0,0,1,1,0,0,1,0
2604,0,0,0,1,0,1,1,1
2605,1,1,0,1,1,1,1,0
2606,0,0,1,1,0,0,0,0
2607,0,0,0,1,0,0,0,0
2608,0,0,1,1,0,0,0,1
2609,0,0,1,1,0,0,0,0
2610,1,0,0,0,0,1,1,1
2611,1,1,0,1,1,1,1,0
2612,0,0,1,1,0,1,1,0
2613,1,0,0,1,0,0,0,0
2614,0,0,0,1,0,0,0,0
2615,0,1,0,1,1,0,1,1
2616,0,0,1,0,0,0,0,0
2617,0,0,0,0,0,0,0,0
2618,0,0,1,1,0,1,0,1
2619,0,0,0,1,0,0,0,0
2620,0,0,1,0,0,0,0,0
2621,0,0,0,1,0,0,0,0
2622,0,1,0,1,1,1,1,0
2623,0,1,1,1,0,1,1,1
2624,0,1,1,1,1,1,1,1
2625,1,0,1,0,0,0,0,0
2626,0,0,1,1,0,0,0,0
2627,0,0,0,0,0,0,0,0
2628,0,1,0,1,0,1,1,0
2629,0,0,1,0,0,0,1,0
2630,0,0,1,1,0,0,0,0
2631,0,0,1,0,0,0,0,0
2632,0,1,1,0,1,1,1,1
2633,0,0,0,1,0,0,0,0
2634,0,1,0,1,1,1,1,1
2635,0,1,1,1,1,1,1,0
2636,0,0,1,1,0,0,0,0
2637,0,1,0,0,1,1,0,0
2638,1,1,1,1,1,1,1,0
2639,0,0,0,1,0,0,0,0
2640,0,0,0,1,0,1,0,0
2641,1,1,0,1,0,0,1,0
2642,0,1,1,1,1,1,0,0
2643,1,1,1,0,1,1,1,0
2644,1,1,1,1,1,1,1,1
2645,1,0,1,1,0,1,1,0
2646,0,1,1,1,1,1,1,1
2647,1,1,1,1,1,1,1,1
2648,0,0,1,1,1,1,0,1
2649,1,0,1,0,0,1,1,0
2650,0,0,0,0,0,0,0,0
2651,0,0,0,0,1,1,0,0
2652,1,1,0,0,1,1,1,0
2653,0,0,1,1,1,0,0,0
2654,1,0,1,0,0,0,0,0
2655,0,1,1,1,1,1,1,1
2656,0,1,0,0,1,1,1,0
2657,0,1,0,1,0,0,1,0
2658,0,1,0,0,1,1,1,1
2659,1,1,0,0,1,1,1,0
2660,1,1,0,1,1,1,1,1
2661,0,1,1,1,1,1,1,0
2662,0,0,0,1,0,0,0,0
2663,1,1,0,1,1,1,1,1
2664,1,1,1,1,1,1,1,1
2665,0,0,0,1,0,0,0,0
2666,1,1,0,1,1,1,1,1
2667,0,0,0,1,0,0,0,0
2668,0,0,0,0,0,0,0,0
2669,0,1,1,1,1,1,1,1
2670,1,1,0,1,1,1,1,1
2671,1,0,0,1,0,1,0,0
2672,1,1,1,1,1,1,0,1
2673,0,1,1,0,1,1,1,0
2674,0,1,0,0,1,1,1,1
2675,0,0,0,1,0,0,0,0
2676,0,1,1,0,1,1,1,1
2677,0,0,1,1,0,1,1,0
2678,0,1,1,0,1,1,1,0
2679,0,1,0,0,1,1,1,0
2680,0,1,0,0,1,1,1,1
2681,1,1,1,1,1,1,1,1
2682,0,1,1,1,1,1,0,0
2683,0,0,0,1,0,0,0,0
2684,0,0,0,1,0,0,0,0
2685,0,1,1,1,0,1,1,1
2686,0,0,1,0,0,0,0,0
2687,0,0,0,1,0,0,0,0
2688,1,0,1,0,0,0,0,0
2689,0,0,0,1,0,0,0,0
2690,0,0,0,1,0,0,0,0
2691,1,0,1,1,0,0,0,1
2692,0,1,0,0,1,1,0,1
2693,0,0,0,1,0,0,0,0
2694,0,0,0,0,0,0,0,0
2695,1,0,0,1,0,0,0,0
2696,0,0,0,1,0,0,0,0
2697,1,0,1,0,0,0,0,0
2698,0,1,0,1,1,0,0,0
2699,0,0,1,1,0,0,0,0
2700,1,0,0,1,0,0,0,0
2701,0,0,1,1,0,0,0,0
2702,1,1,0,1,1,1,1,1
2703,1,0,0,1,0,0,0,0
2704,1,0,0,0,0,0,1,1
2705,0,0,0,1,0,0,0,0
2706,0,0,0,1,0,0,1,0
2707,0,0,0,1,0,0,0,0
2708,0,0,1,1,0,0,0,0
2709,1,0,0,0,0,0,0,0
2710,0,0,1,1,0,0,0,0
2711,0,0,1,1,0,1,0,0
2712,0,0,0,0,0,0,0,0
2713,0,0,0,0,0,0,0,0
2714,1,0,0,1,0,0,0,0
2715,1,0,1,0,0,0,0,0
2716,1,0,1,1,0,0,0,0
2717,1,1,0,1,1,0,1,0
2718,0,1,0,0,1,1,1,0
2719,0,1,1,1,1,1,1,1
2720,1,1,1,1,1,1,1,0
2721,0,0,1,0,0,0,1,0
2722,1,1,1,0,1,1,1,1
2723,1,1,1,0,1,1,1,1
2724,0,0,0,0,0,0,0,0
2725,0,1,1,1,1,1,1,1
2726,0,1,0,0,1,1,0,0
2727,1,1,0,0,1,1,1,1
2728,0,1,1,1,1,1,1,1
2729,0,1,0,1,1,1,1,0
2730,0,0,0,1,0,0,0,0
2731,1,1,0,0,1,0,1,0
2732,1,1,1,1,1,1,0,1
2733,0,1,1,0,1,1,1,1
2734,1,1,1,0,1,1,1,1
2735,0,1,0,1,1,1,1,1
2736,1,1,1,1,0,0,1,1
2737,1,0,1,1,0,0,1,1
2738,0,0,0,0,1,1,1,1
2739,0,1,0,1,0,0,1,0
2740,1,1,1,1,1,1,1,1
2741,1,1,0,1,1,1,1,1
2742,1,1,1,1,1,1,1,1
2743,1,0,1,1,0,0,0,0
2744,0,1,0,0,1,1,1,1
2745,1,1,0,1,1,0,1,1
2746,0,1,1,1,1,1,1,0
2747,0,1,1,1,0,1,1,0
2748,1,0,1,0,0,0,0,0
2749,0,1,0,1,1,1,1,1
2750,1,1,0,1,1,1,1,1
2751,0,1,1,0,1,1,1,1
2752,1,1,1,1,1,1,1,1
2753,1,1,0,0,1,1,0,1
2754,0,1,1,1,1,1,0,0
2755,0,0,0,1,0,0,0,0
2756,0,1,0,0,1,1,1,1
2757,1,1,0,0,1,1,0,0
2758,0,1,1,1,1,1,1,1
2759,1,1,0,1,1,1,1,0
2760,0,1,1,0,1,1,1,0
2761,1,1,1,1,1,0,1,0
2762,0,1,0,0,1,1,1,1
2763,0,1,1,1,1,1,1,1
2764,0,0,1,1,1,0,1,0
2765,0,0,1,1,0,0,0,0
2766,1,1,0,1,1,1,1,1
2767,0,1,0,0,1,1,1,0
2768,0,1,1,0,0,0,1,0
2769,1,1,1,0,1,1,1,0
2770,1,0,1,1,0,0,0,0
2771,1,1,1,1,1,1,1,0
2772,1,1,1,0,0,0,1,0
2773,0,0,0,0,0,0,0,0
2774,0,0,0,1,0,0,1,0
2775,0,0,0,0,0,1,1,0
2776,0,1,0,0,1,1,1,1
2777,1,1,0,1,1,1,1,0
2778,0,0,1,0,0,0,0,0
2779,0,1,0,1,1,1,1,1
2780,1,1,1,0,1,1,1,1
2781,0,1,1,0,1,1,1,1
2782,0,1,1,1,1,1,1,1
2783,1,1,1,1,1,1,1,1
2784,0,1,0,1,1,1,1,1
2785,0,1,1,1,1,1,1,1
2786,0,0,0,1,0,1,0,0
2787,0,0,1,1,0,0,0,0
2788,1,1,1,0,1,1,1,1
2789,0,1,1,1,1,1,1,1
2790,0,1,0,1,1,1,0,0
2791,0,1,1,0,1,1,0,0
2792,0,1,1,0,1,1,1,1
2793,1,1,1,1,1,1,1,1
2794,0,1,0,0,1,1,1,0
2795,1,1,1,1,1,1,1,1
2796,0,1,0,0,1,1,1,0
2797,0,1,1,1,1,1,1,1
2798,1,1,0,1,1,1,1,0
2799,1,1,1,1,1,1,1,1
2800,1,1,0,1,1,1,1,1
2801,0,1,1,1,1,1,1,1
2802,1,1,1,0,1,1,1,1
2803,1,0,1,1,1,1,0,0
2804,1,1,0,1,1,1,1,1
2805,0,0,0,1,1,1,0,0
2806,0,1,1,0,1,1,1,1
2807,1,1,0,1,0,0,1,0
2808,0,0,1,1,0,0,0,0
2809,1,1,0,1,1,1,1,0
2810,0,1,1,1,1,1,1,1
2811,1,1,1,1,1,1,0,1
2812,0,1,1,0,1,1,0,0
2813,0,1,0,1,1,1,1,1
2814,1,1,0,0,1,1,1,0
2815,0,1,0,1,1,1,1,1
2816,0,1,1,1,1,1,1,1
2817,0,1,0,1,1,1,1,0
2818,0,1,0,0,1,1,0,1
2819,0,1,1,0,1,1,0,0
2820,0,1,0,1,1,1,1,1
2821,1,1,1,1,1,1,1,1
2822,0,1,0,1,1,1,1,1
2823,0,0,0,0,0,0,0,0
2824,1,0,1,1,1,1,1,1
2825,0,1,1,1,1,1,0,1
2826,0,1,0,0,1,1,1,0
2827,0,1,1,0,1,1,1,0
2828,1,1,1,1,1,1,1,1
2829,1,1,1,0,1,1,1,1
2830,0,1,0,0,1,1,1,1
2831,1,1,1,0,1,1,1,1
2832,0,1,1,1,1,1,1,1
2833,1,1,0,0,1,1,1,1
2834,0,1,0,1,1,1,1,0
2835,1,1,1,1,1,1,1,0
2836,1,1,1,1,1,1,1,1
2837,0,1,1,1,1,1,1,1
2838,0,1,1,1,1,1,1,1
2839,1,1,0,1,1,1,1,1
2840,1,1,0,0,1,1,1,1
2841,1,1,1,0,1,0,1,1
2842,1,0,1,1,0,1,0,1
2843,0,0,1,0,0,0,0,0
2844,0,0,0,1,0,0,0,0
2845,0,0,1,1,0,0,0,0
2846,1,0,1,0,0,0,0,0
2847,1,1,1,1,1,1,1,1
2848,1,1,0,1,1,1,1,1
2849,0,0,0,1,1,0,0,1
2850,0,1,1,1,1,1,1,1
2851,1,1,1,1,1,1,1,1
2852,1,1,1,0,1,1,1,1
2853,1,0,0,1,0,1,0,0
2854,0,1,1,1,1,1,0,1
2855,1,0,0,1,0,0,0,0
2856,0,0,0,1,0,0,0,0
2857,1,1,0,1,1,1,0,0
2858,0,0,1,0,0,1,1,0
2859,1,0,1,0,0,1,0,0
2860,1,1,1,1,1,1,1,1
2861,0,0,0,1,0,0,0,0
2862,0,0,1,1,0,0,0,0
2863,1,1,1,1,1,1,0,0
2864,0,0,1,1,0,0,0,0
2865,0,1,0,1,1,1,1,1
2866,1,1,1,1,1,1,1,1
2867,0,0,0,1,0,1,0,0
2868,0,1,0,1,1,1,1,1
2869,1,1,0,0,1,1,1,1
2870,0,0,0,1,0,0,0,0
2871,1,0,1,1,0,1,0,1
2872,0,0,1,1,1,1,0,1
2873,0,1,0,0,1,1,1,1
2874,1,0,1,0,0,0,0,0
2875,1,1,0,0,1,1,0,1
2876,0,1,1,1,1,1,1,0
2877,0,0,0,0,0,0,0,0
2878,0,0,0,0,0,1,1,0
2879,0,1,0,0,1,1,1,1
2880,0,0,0,0,0,1,1,1
2881,1,0,0,0,0,0,0,0
2882,1,1,0,1,1,1,1,1
2883,1,1,0,0,1,1,1,1
2884,1,0,0,0,0,1,0,1
2885,0,0,0,1,0,0,0,0
2886,1,1,0,1,1,1,1,1
2887,1,0,0,0,0,0,0,0
2888,1,0,0,0,0,0,1,0
2889,0,1,0,0,1,1,1,1
2890,1,0,1,1,0,0,0,0
2891,1,0,0,1,0,1,0,0
2892,0,1,0,1,1,1,1,1
2893,1,1,0,0,1,1,1,1
2894,1,1,0,1,1,1,0,1
2895,0,0,0,1,0,0,0,1
2896,0,1,0,0,1,1,1,1
2897,0,0,0,0,0,0,0,0
2898,1,1,0,0,1,1,1,1
2899,1,0,0,1,0,1,0,1
2900,0,1,0,0,1,1,1,1
2901,1,0,1,1,1,0,0,1
2902,0,1,0,0,1,1,1,1
2903,0,0,0,1,0,0,0,0
2904,1,1,1,1,1,1,1,1
2905,1,0,1,0,1,1,0,1
2906,0,0,1,1,0,0,0,0
2907,1,1,0,0,1,1,1,1
2908,1,1,0,1,1,1,1,1
2909,0,0,0,0,0,0,0,1
2910,1,0,0,1,1,1,1,1
2911,0,1,1,1,1,1,0,0
2912,1,1,0,1,1,1,1,1
2913,0,1,0,1,1,1,1,1
2914,1,1,0,0,1,1,1,1
2915,0,1,1,1,1,1,1,1
2916,1,0,0,1,0,0,0,0
2917,0,0,0,1,0,0,0,0
2918,0,0,0,1,0,0,0,0
2919,0,0,0,1,0,0,0,0
2920,0,0,0,1,0,0,0,0
2921,0,0,0,1,0,0,0,1
2922,0,1,1,1,1,1,0,1
2923,0,0,1,0,0,0,0,0
2924,1,0,1,1,0,0,0,0
2925,1,0,1,0,0,0,0,0
2926,0,0,1,0,0,0,0,0
2927,0,0,0,0,0,0,0,0
2928,0,1,0,0,1,0,0,0
2929,0,0,1,1,0,0,0,0
2930,0,0,1,1,0,0,0,0
2931,0,0,0,1,0,0,0,0
2932,0,1,0,1,0,1,1,1
2933,1,0,0,1,0,0,0,0
2934,1,0,0,0,0,0,1,1
2935,0,0,1,0,0,0,0,0
2936,0,0,0,1,0,0,1,0
2937,0,0,0,1,0,0,0,0
2938,0,0,0,1,0,0,0,0
2939,1,0,0,0,0,0,0,0
2940,0,0,0,1,0,0,0,0
2941,1,0,1,0,0,1,0,0
2942,0,0,0,1,0,0,0,0
2943,0,0,0,1,0,0,0,0
2944,0,0,0,1,0,0,0,0
2945,0,0,0,1,0,0,0,0
2946,0,0,0,1,0,0,0,0
2947,0,1,1,0,1,0,1,0
2948,0,0,0,1,0,1,0,1
2949,0,0,0,0,0,0,0,0
2950,1,0,0,0,0,0,0,0
2951,0,0,0,1,0,0,0,0
2952,1,0,0,0,0,0,0,0
2953,0,1,1,1,1,1,1,1
2954,0,1,0,0,1,1,1,1
2955,1,0,0,1,1,1,0,1
2956,1,1,0,1,1,1,1,1
2957,0,1,1,1,1,1,1,1
2958,1,1,0,1,1,1,1,1
2959,1,0,0,1,0,1,0,0
2960,1,1,1,1,1,1,0,1
2961,0,0,0,1,0,1,0,0
2962,0,0,1,0,0,0,0,0
2963,1,1,1,0,1,1,0,0
2964,0,0,0,1,0,1,1,0
2965,0,0,0,0,0,1,0,0
2966,1,1,1,1,1,1,1,1
2967,0,0,0,0,0,0,0,0
2968,0,0,0,0,0,0,0,0
2969,0,1,0,1,1,1,0,0
2970,0,0,1,1,0,0,0,0
2971,1,1,0,0,1,1,1,1
2972,1,1,0,1,1,1,1,1
2973,1,0,1,1,0,1,0,0
2974,0,1,0,1,1,1,1,1
2975,0,1,0,1,1,1,1,1
2976,0,0,0,1,0,0,0,0
2977,1,0,0,1,0,1,0,1
2978,0,0,0,1,0,1,0,1
2979,1,1,0,0,1,1,1,1
2980,0,0,0,1,0,0,0,0
2981,1,1,0,1,1,1,0,1
2982,1,1,1,0,1,1,1,0
2983,0,0,0,1,0,0,0,0
2984,1,0,1,0,0,1,1,0
2985,1,1,1,0,1,1,1,1
2986,1,0,0,1,0,1,1,1
2987,0,0,1,0,0,0,0,0
2988,0,1,1,0,1,1,1,1
2989,1,1,1,1,1,1,1,1
2990,0,0,0,1,0,1,0,1
2991,0,0,0,1,0,0,0,0
2992,0,1,0,1,1,1,1,1
2993,0,0,0,0,0,0,0,0
2994,1,0,1,0,1,0,1,0
2995,0,1,1,1,1,1,1,1
2996,1,0,1,1,0,0,0,0
2997,1,0,1,1,0,1,0,0
2998,0,1,1,0,1,1,1,1
2999,0,1,0,1,1,1,1,1
3000,0,1,1,1,1,1,0,1
3001,1,0,0,0,0,0,0,1
3002,1,1,1,1,1,1,1,1
3003,0,0,1,1,0,0,0,0
3004,0,1,1,1,1,1,1,1
3005,1,0,1,1,0,1,0,1
3006,1,1,1,0,1,1,1,1
3007,0,0,1,1,1,0,0,1
3008,0,1,1,1,1,1,1,1
3009,0,0,1,0,0,0,0,0
3010,1,1,1,0,1,1,1,1
3011,1,0,1,1,1,1,0,1
3012,0,0,1,0,0,0,0,0
3013,1,1,1,0,1,1,1,1
3014,0,1,1,1,1,1,1,1
3015,0,0,1,1,0,0,0,1
3016,0,0,1,1,1,1,1,1
3017,0,1,1,1,1,1,0,0
3018,1,1,1,0,1,1,1,1
3019,1,1,1,1,1,1,1,1
3020,1,1,1,1,1,1,1,1
3021,1,0,1,1,0,0,0,0
3022,0,0,1,1,0,0,0,0
3023,1,0,1,0,0,0,0,0
3024,0,1,0,1,0,0,0,0
3025,0,0,1,0,0,0,0,0
3026,0,0,1,0,0,0,0,0
3027,1,0,1,1,0,0,0,0
3028,1,0,1,0,0,1,0,0
3029,0,0,1,1,0,1,1,1
3030,1,0,1,0,0,0,0,0
3031,1,0,1,1,0,0,0,0
3032,1,0,1,0,0,1,0,0
3033,0,1,1,0,0,1,1,1
3034,1,1,1,1,0,0,1,0
3035,0,1,1,1,0,0,1,1
3036,0,0,1,0,0,0,0,0
3037,0,1,1,1,0,0,1,0
3038,0,0,1,0,0,1,0,1
3039,0,0,1,1,1,1,0,0
3040,1,0,0,1,0,1,0,1
3041,0,0,1,1,0,1,0,1
3042,0,0,1,1,0,0,0,0
3043,1,0,1,1,0,0,1,1
3044,0,0,1,1,0,1,0,0
3045,0,1,1,1,0,1,1,1
3046,1,1,1,0,0,1,1,0
3047,0,1,1,1,0,0,1,0
3048,0,0,1,1,0,0,0,0
3049,0,0,1,1,0,0,0,0
3050,0,0,0,1,0,0,0,0
3051,0,0,1,0,0,0,0,0
3052,0,0,1,0,0,0,0,0
3053,0,1,0,0,0,0,1,1
3054,0,0,1,0,0,0,0,0
3055,0,0,0,0,0,0,0,0
3056,1,0,1,1,0,0,0,0
3057,1,0,0,1,1,1,0,1
3058,0,0,1,1,0,0,0,0
3059,1,0,1,0,0,0,0,0
3060,1,0,1,0,0,0,0,0
3061,0,0,0,1,0,0,0,0
3062,0,0,1,1,0,0,0,0
3063,0,0,1,1,0,0,1,0
3064,0,0,0,1,0,0,0,0
3065,1,0,0,1,0,0,0,1
3066,0,0,1,0,0,0,0,0
3067,1,0,0,0,0,0,0,0
3068,0,0,1,1,0,0,0,0
3069,0,1,0,1,1,0,1,0
3070,0,1,1,1,0,0,1,0
3071,0,0,1,0,0,0,0,0
3072,1,1,1,1,1,1,1,1
3073,0,0,0,1,0,0,0,0
3074,0,0,1,0,0,0,0,0
3075,0,0,1,0,0,0,0,0
3076,0,0,0,1,0,0,0,0
3077,1,1,0,1,0,1,1,1
3078,0,1,1,0,0,0,1,1
3079,0,0,1,0,0,0,0,0
3080,1,0,1,0,1,1,0,1
3081,0,0,1,1,0,0,0,0
3082,1,0,1,1,0,1,1,0
3083,0,0,1,1,0,0,0,0
3084,1,0,1,1,1,1,0,1
3085,0,0,1,1,0,0,0,0
3086,1,0,1,1,0,0,0,1
3087,0,0,1,1,0,0,0,0
3088,1,0,0,0,0,0,0,0
3089,0,0,1,1,0,0,0,0
3090,0,0,1,0,0,0,0,0
3091,0,0,1,1,0,1,0,0
3092,0,0,1,0,0,1,0,0
3093,0,0,1,1,0,1,0,0
3094,0,0,0,1,0,0,0,0
3095,0,0,1,1,1,1,0,1
3096,0,1,1,0,1,0,1,0
3097,1,0,0,1,0,0,0,1
3098,0,0,0,1,0,1,0,0
3099,0,0,1,1,0,0,0,0
3100,1,1,1,0,1,0,1,1
3101,0,0,1,1,0,0,0,0
3102,0,0,0,0,0,0,0,0
3103,0,0,0,1,0,1,0,0
3104,0,0,1,0,0,0,0,0
3105,0,0,1,1,0,1,1,1
3106,1,0,0,1,0,0,1,0
3107,1,1,1,1,1,1,1,1
3108,0,0,0,1,0,0,0,0
3109,0,0,0,1,0,0,0,0
3110,0,0,1,0,0,0,0,0
3111,0,0,0,0,0,0,0,0
3112,0,0,0,0,0,0,0,0
3113,0,0,0,0,0,1,0,0
3114,0,0,1,1,0,0,0,0
3115,1,0,1,1,0,0,1,0
3116,0,0,1,0,0,0,0,0
3117,1,0,1,0,1,1,0,1
3118,1,0,1,1,0,1,1,0
3119,0,1,1,1,1,1,1,1
3120,0,0,0,1,0,0,0,0
3121,0,0,0,1,0,0,1,0
3122,1,0,1,1,0,0,0,0
3123,1,0,1,1,1,1,0,1
3124,1,0,0,0,0,0,0,0
3125,0,0,1,1,0,0,0,0
3126,0,0,0,1,0,0,0,0
3127,1,0,1,1,1,1,0,0
3128,1,0,1,1,0,0,0,0
3129,0,1,1,1,0,0,1,0
3130,0,0,0,1,0,0,0,0
3131,0,0,1,0,0,0,0,0
3132,0,0,1,0,0,0,0,0
3133,0,0,1,1,0,0,1,0
3134,0,0,0,1,0,0,0,0
3135,1,0,0,1,0,0,0,1
3136,0,0,1,1,0,0,0,0
3137,0,0,1,0,0,0,0,0
3138,0,0,1,1,0,0,0,0
3139,0,1,0,1,1,0,1,0
3140,0,0,1,1,0,0,0,0
3141,0,0,1,1,0,0,1,0
3142,0,0,1,1,0,0,0,0
3143,0,1,1,1,0,1,1,1
3144,0,1,1,0,0,0,0,0
3145,0,1,1,1,1,1,1,1
3146,0,0,1,1,0,0,1,0
3147,0,0,1,1,0,0,0,0
3148,0,0,1,1,0,0,1,0
3149,0,1,1,0,0,0,0,0
3150,1,1,1,1,1,1,1,0
3151,1,1,1,1,1,1,1,1
3152,0,0,1,0,0,0,0,0
3153,0,1,1,1,1,1,0,0
3154,0,1,1,0,0,1,1,0
3155,0,1,1,1,0,0,1,0
3156,1,0,1,1,0,0,0,0
3157,0,0,1,0,0,0,0,0
3158,1,1,1,0,0,1,1,0
3159,0,1,1,1,1,1,1,0
3160,1,1,1,1,1,1,1,1
3161,0,0,1,1,0,0,0,0
3162,0,1,1,1,1,1,1,1
3163,1,1,1,1,1,1,1,1
3164,0,0,1,1,0,0,0,0
3165,0,0,1,0,0,0,0,0
3166,0,0,1,0,0,0,0,1
3167,1,0,1,1,0,0,0,0
3168,1,0,1,1,0,0,0,0
3169,1,0,1,1,0,0,0,1
3170,0,0,1,1,0,0,0,0
3171,0,0,1,1,0,0,0,0
3172,1,1,1,1,0,0,1,1
3173,1,1,1,1,1,1,1,1
3174,0,0,1,1,0,0,0,1
3175,0,0,1,1,0,0,0,0
3176,0,0,1,1,0,0,0,0
3177,0,0,1,1,0,0,0,0
3178,1,1,1,1,0,0,1,0
3179,0,1,1,0,1,0,1,1
3180,0,0,1,1,0,0,0,0
3181,0,0,1,1,0,0,0,0
3182,0,0,1,1,0,0,0,0
3183,0,0,1,1,0,0,0,0
3184,0,0,1,0,0,0,0,0
3185,0,0,1,0,0,0,0,0
3186,1,1,1,0,1,1,1,1
3187,0,1,1,0,1,1,1,0
3188,0,0,1,0,0,0,0,0
3189,0,1,1,1,1,1,0,0
3190,0,1,1,1,1,1,1,0
3191,0,0,1,1,0,0,0,0
3192,0,0,1,1,0,1,0,0
3193,0,1,1,1,0,0,1,0
3194,0,1,1,1,1,1,0,0
3195,1,1,1,1,1,1,1,0
3196,1,1,1,1,1,1,1,1
3197,1,0,1,0,0,1,1,0
3198,0,1,1,1,1,1,1,1
3199,1,1,1,0,1,1,1,1
3200,0,0,1,0,0,1,0,1
3201,0,0,1,0,0,1,1,0
3202,0,0,1,1,0,0,0,0
3203,0,0,1,1,1,1,0,0
3204,0,1,1,0,1,1,1,0
3205,0,0,1,0,1,0,0,0
3206,0,0,1,1,0,0,0,0
3207,0,1,1,0,1,1,1,1
3208,0,1,1,0,1,1,1,0
3209,0,1,1,1,0,0,1,0
3210,1,1,1,0,1,1,1,1
3211,0,1,1,0,1,1,1,0
3212,1,1,1,0,1,1,1,1
3213,0,1,1,0,1,1,1,0
3214,0,0,1,0,0,1,0,0
3215,0,1,1,0,1,1,1,1
3216,0,1,1,0,1,1,1,1
3217,1,0,1,0,0,0,0,0
3218,1,1,1,1,1,1,1,1
3219,0,0,1,0,0,0,0,0
3220,0,0,1,0,0,0,0,0
3221,1,1,1,0,1,1,1,1
3222,0,1,1,0,1,1,1,1
3223,0,0,1,1,0,1,0,0
3224,0,1,1,0,1,1,0,1
3225,0,1,1,1,1,1,1,0
3226,1,1,1,1,1,1,1,1
3227,0,0,1,0,0,0,0,0
3228,1,1,1,0,1,1,1,1
3229,0,0,1,1,0,1,1,0
3230,0,1,1,1,1,1,1,0
3231,1,1,1,0,1,1,1,0
3232,0,1,1,0,1,1,1,1
3233,0,1,1,0,1,1,1,1
3234,0,1,1,0,1,1,0,0
3235,0,0,1,0,0,0,0,0
3236,0,0,1,0,0,0,0,0
3237,0,1,1,1,1,1,0,0
3238,1,0,1,1,0,0,0,0
3239,0,0,1,0,0,0,1,0
3240,1,1,1,1,1,0,0,0
3241,1,0,1,0,0,0,1,1
3242,0,0,1,1,0,0,0,0
3243,0,0,1,1,0,0,0,0
3244,0,0,1,1,0,0,1,1
3245,0,1,1,0,0,0,1,1
3246,0,0,1,0,1,0,0,1
3247,1,0,1,1,0,0,0,0
3248,0,0,1,1,0,0,0,0
3249,0,0,1,1,0,0,0,0
3250,1,0,1,1,0,1,0,0
3251,1,0,1,0,0,0,0,0
3252,1,0,1,0,0,0,1,0
3253,0,0,1,1,0,0,0,0
3254,1,0,1,1,0,0,0,0
3255,0,0,1,1,0,0,0,0
3256,0,0,1,1,0,0,0,0
3257,1,0,1,1,1,1,1,1
3258,0,0,1,1,0,0,0,0
3259,0,0,1,1,1,1,0,1
3260,0,1,1,0,1,1,0,0
3261,1,0,0,1,0,0,0,0
3262,0,0,1,1,0,1,0,0
3263,0,0,1,1,0,0,0,0
3264,1,0,0,1,0,1,1,0
3265,0,0,1,1,0,0,0,0
3266,0,0,1,1,0,0,0,0
3267,0,0,0,1,0,1,0,0
3268,0,0,1,1,0,0,0,0
3269,1,0,1,1,1,1,0,1
3270,1,0,1,1,1,1,1,0
3271,0,0,0,0,1,1,0,0
3272,0,0,1,1,0,1,0,0
3273,0,1,1,0,0,0,0,1
3274,0,0,1,1,0,0,1,0
3275,0,0,1,1,0,0,0,0
3276,1,1,1,1,1,0,1,1
3277,0,1,1,0,1,1,1,1
3278,0,0,1,1,0,0,0,0
3279,0,0,1,1,0,1,0,0
3280,1,1,1,1,1,1,1,1
3281,1,0,1,1,0,0,0,0
3282,0,0,1,0,0,0,0,0
3283,1,1,0,1,0,1,1,1
3284,0,1,0,1,0,0,0,0
3285,1,0,0,0,0,0,0,1
3286,0,0,0,0,0,0,0,0
3287,1,0,0,1,0,0,1,0
